data,dia,hora_em_minutos,timestamp,temperatura_real,umidade_real
27/01/2022 11:45,27,705,1643294700.0,29.0,63
27/01/2022 11:46,27,706,1643294760.0,29.0,68
27/01/2022 11:47,27,707,1643294820.0,29.0,70
27/01/2022 11:47,27,707,1643294820.0,29.0,65
27/01/2022 11:48,27,708,1643294880.0,29.0,66
27/01/2022 11:49,27,709,1643294940.0,29.0,69
27/01/2022 11:50,27,710,1643295000.0,29.0,69
27/01/2022 11:51,27,711,1643295060.0,29.0,69
27/01/2022 11:53,27,713,1643295180.0,29.0,69
27/01/2022 11:54,27,714,1643295240.0,29.0,69
27/01/2022 11:55,27,715,1643295300.0,29.0,69
27/01/2022 11:56,27,716,1643295360.0,29.0,69
27/01/2022 11:57,27,717,1643295420.0,29.0,68
27/01/2022 11:58,27,718,1643295480.0,29.0,69
27/01/2022 11:59,27,719,1643295540.0,29.0,68
27/01/2022 12:00,27,720,1643295600.0,29.0,68
27/01/2022 12:01,27,721,1643295660.0,29.0,69
27/01/2022 12:02,27,722,1643295720.0,29.0,68
27/01/2022 12:03,27,723,1643295780.0,29.0,69
27/01/2022 12:04,27,724,1643295840.0,29.0,69
27/01/2022 12:05,27,725,1643295900.0,29.0,69
27/01/2022 12:06,27,726,1643295960.0,29.0,68
27/01/2022 12:07,27,727,1643296020.0,29.0,68
27/01/2022 12:08,27,728,1643296080.0,29.0,68
27/01/2022 12:09,27,729,1643296140.0,29.0,68
27/01/2022 12:10,27,730,1643296200.0,29.0,68
27/01/2022 12:11,27,731,1643296260.0,29.0,68
27/01/2022 12:12,27,732,1643296320.0,29.0,68
27/01/2022 12:13,27,733,1643296380.0,29.0,68
27/01/2022 12:14,27,734,1643296440.0,29.0,68
27/01/2022 12:15,27,735,1643296500.0,29.0,68
27/01/2022 12:16,27,736,1643296560.0,29.0,68
27/01/2022 12:17,27,737,1643296620.0,29.0,68
27/01/2022 12:18,27,738,1643296680.0,29.0,68
27/01/2022 12:19,27,739,1643296740.0,29.0,68
27/01/2022 12:20,27,740,1643296800.0,29.0,68
27/01/2022 12:21,27,741,1643296860.0,29.0,68
27/01/2022 12:22,27,742,1643296920.0,29.0,68
27/01/2022 12:23,27,743,1643296980.0,29.0,68
27/01/2022 12:24,27,744,1643297040.0,29.0,69
27/01/2022 12:25,27,745,1643297100.0,29.0,69
27/01/2022 12:26,27,746,1643297160.0,29.0,69
27/01/2022 12:27,27,747,1643297220.0,29.0,69
27/01/2022 12:29,27,749,1643297340.0,29.0,70
27/01/2022 12:30,27,750,1643297400.0,29.0,69
27/01/2022 12:31,27,751,1643297460.0,29.0,69
27/01/2022 12:32,27,752,1643297520.0,30.0,69
27/01/2022 12:33,27,753,1643297580.0,29.0,69
27/01/2022 12:34,27,754,1643297640.0,30.0,69
27/01/2022 12:35,27,755,1643297700.0,29.0,68
27/01/2022 12:36,27,756,1643297760.0,30.0,69
27/01/2022 12:37,27,757,1643297820.0,30.0,67
27/01/2022 12:38,27,758,1643297880.0,30.0,67
27/01/2022 12:39,27,759,1643297940.0,30.0,68
27/01/2022 12:40,27,760,1643298000.0,29.0,67
27/01/2022 12:41,27,761,1643298060.0,30.0,67
27/01/2022 12:42,27,762,1643298120.0,30.0,67
27/01/2022 12:43,27,763,1643298180.0,29.0,67
27/01/2022 12:44,27,764,1643298240.0,29.0,67
27/01/2022 12:45,27,765,1643298300.0,30.0,66
27/01/2022 12:46,27,766,1643298360.0,29.0,67
27/01/2022 12:47,27,767,1643298420.0,30.0,66
27/01/2022 12:48,27,768,1643298480.0,30.0,66
27/01/2022 12:49,27,769,1643298540.0,30.0,66
27/01/2022 12:50,27,770,1643298600.0,30.0,67
27/01/2022 12:51,27,771,1643298660.0,30.0,67
27/01/2022 12:52,27,772,1643298720.0,30.0,66
27/01/2022 12:53,27,773,1643298780.0,29.0,66
27/01/2022 12:54,27,774,1643298840.0,30.0,66
27/01/2022 12:55,27,775,1643298900.0,30.0,66
27/01/2022 12:56,27,776,1643298960.0,30.0,66
27/01/2022 12:57,27,777,1643299020.0,30.0,66
27/01/2022 12:58,27,778,1643299080.0,30.0,66
27/01/2022 12:59,27,779,1643299140.0,30.0,66
27/01/2022 13:00,27,780,1643299200.0,30.0,65
27/01/2022 13:01,27,781,1643299260.0,30.0,64
27/01/2022 13:02,27,782,1643299320.0,30.0,64
27/01/2022 13:03,27,783,1643299380.0,30.0,65
27/01/2022 13:04,27,784,1643299440.0,30.0,64
27/01/2022 13:06,27,786,1643299560.0,30.0,65
27/01/2022 13:07,27,787,1643299620.0,30.0,65
27/01/2022 13:08,27,788,1643299680.0,30.0,65
27/01/2022 13:09,27,789,1643299740.0,30.0,65
27/01/2022 13:10,27,790,1643299800.0,30.0,65
27/01/2022 13:11,27,791,1643299860.0,30.0,66
27/01/2022 13:12,27,792,1643299920.0,30.0,66
27/01/2022 13:13,27,793,1643299980.0,30.0,66
27/01/2022 13:14,27,794,1643300040.0,30.0,66
27/01/2022 13:15,27,795,1643300100.0,30.0,66
27/01/2022 13:16,27,796,1643300160.0,30.0,66
27/01/2022 13:17,27,797,1643300220.0,30.0,66
27/01/2022 13:18,27,798,1643300280.0,30.0,66
27/01/2022 13:19,27,799,1643300340.0,29.0,66
27/01/2022 13:20,27,800,1643300400.0,30.0,67
27/01/2022 13:21,27,801,1643300460.0,30.0,67
27/01/2022 13:22,27,802,1643300520.0,30.0,66
27/01/2022 13:23,27,803,1643300580.0,30.0,67
27/01/2022 13:24,27,804,1643300640.0,30.0,66
27/01/2022 13:25,27,805,1643300700.0,29.0,67
27/01/2022 13:26,27,806,1643300760.0,29.0,68
27/01/2022 13:27,27,807,1643300820.0,30.0,68
27/01/2022 13:28,27,808,1643300880.0,30.0,68
27/01/2022 13:29,27,809,1643300940.0,29.0,68
27/01/2022 13:30,27,810,1643301000.0,29.0,68
27/01/2022 13:31,27,811,1643301060.0,29.0,68
27/01/2022 13:32,27,812,1643301120.0,30.0,68
27/01/2022 13:33,27,813,1643301180.0,29.0,67
27/01/2022 13:34,27,814,1643301240.0,29.0,68
27/01/2022 13:35,27,815,1643301300.0,30.0,68
27/01/2022 13:36,27,816,1643301360.0,29.0,67
27/01/2022 13:37,27,817,1643301420.0,29.0,67
27/01/2022 13:38,27,818,1643301480.0,29.0,67
27/01/2022 13:39,27,819,1643301540.0,29.0,67
27/01/2022 13:40,27,820,1643301600.0,29.0,68
27/01/2022 13:41,27,821,1643301660.0,30.0,67
27/01/2022 13:43,27,823,1643301780.0,29.0,67
27/01/2022 13:44,27,824,1643301840.0,29.0,68
27/01/2022 13:45,27,825,1643301900.0,29.0,67
27/01/2022 13:46,27,826,1643301960.0,29.0,68
27/01/2022 13:47,27,827,1643302020.0,29.0,67
27/01/2022 13:48,27,828,1643302080.0,29.0,68
27/01/2022 13:49,27,829,1643302140.0,29.0,68
27/01/2022 13:50,27,830,1643302200.0,29.0,68
27/01/2022 13:51,27,831,1643302260.0,29.0,68
27/01/2022 13:52,27,832,1643302320.0,29.0,67
27/01/2022 13:53,27,833,1643302380.0,29.0,67
27/01/2022 13:54,27,834,1643302440.0,29.0,67
27/01/2022 13:55,27,835,1643302500.0,29.0,67
27/01/2022 13:56,27,836,1643302560.0,29.0,67
27/01/2022 13:57,27,837,1643302620.0,30.0,66
27/01/2022 13:58,27,838,1643302680.0,29.0,66
27/01/2022 13:59,27,839,1643302740.0,29.0,66
27/01/2022 14:00,27,840,1643302800.0,29.0,66
27/01/2022 14:01,27,841,1643302860.0,29.0,67
27/01/2022 14:02,27,842,1643302920.0,30.0,66
27/01/2022 14:03,27,843,1643302980.0,29.0,67
27/01/2022 14:04,27,844,1643303040.0,29.0,67
27/01/2022 14:05,27,845,1643303100.0,29.0,67
27/01/2022 14:06,27,846,1643303160.0,29.0,67
27/01/2022 14:07,27,847,1643303220.0,29.0,67
27/01/2022 14:08,27,848,1643303280.0,29.0,68
27/01/2022 14:09,27,849,1643303340.0,29.0,67
27/01/2022 14:10,27,850,1643303400.0,29.0,68
27/01/2022 14:11,27,851,1643303460.0,29.0,68
27/01/2022 14:12,27,852,1643303520.0,29.0,68
27/01/2022 14:13,27,853,1643303580.0,29.0,68
27/01/2022 14:14,27,854,1643303640.0,29.0,68
27/01/2022 14:15,27,855,1643303700.0,29.0,68
27/01/2022 14:16,27,856,1643303760.0,29.0,68
27/01/2022 14:17,27,857,1643303820.0,29.0,68
27/01/2022 14:18,27,858,1643303880.0,29.0,68
27/01/2022 14:20,27,860,1643304000.0,29.0,68
27/01/2022 14:21,27,861,1643304060.0,29.0,68
27/01/2022 14:22,27,862,1643304120.0,29.0,68
27/01/2022 14:23,27,863,1643304180.0,30.0,68
27/01/2022 14:24,27,864,1643304240.0,30.0,68
27/01/2022 14:25,27,865,1643304300.0,29.0,68
27/01/2022 14:26,27,866,1643304360.0,29.0,67
27/01/2022 14:27,27,867,1643304420.0,30.0,68
27/01/2022 14:28,27,868,1643304480.0,29.0,67
27/01/2022 14:29,27,869,1643304540.0,29.0,68
27/01/2022 14:30,27,870,1643304600.0,29.0,67
27/01/2022 14:31,27,871,1643304660.0,29.0,68
27/01/2022 14:32,27,872,1643304720.0,29.0,68
27/01/2022 14:33,27,873,1643304780.0,29.0,67
27/01/2022 14:34,27,874,1643304840.0,29.0,68
27/01/2022 14:35,27,875,1643304900.0,29.0,69
27/01/2022 14:36,27,876,1643304960.0,29.0,69
27/01/2022 14:37,27,877,1643305020.0,29.0,68
27/01/2022 14:38,27,878,1643305080.0,29.0,68
27/01/2022 14:39,27,879,1643305140.0,29.0,68
27/01/2022 14:40,27,880,1643305200.0,29.0,68
27/01/2022 14:41,27,881,1643305260.0,29.0,68
27/01/2022 14:42,27,882,1643305320.0,29.0,68
27/01/2022 14:43,27,883,1643305380.0,29.0,68
27/01/2022 14:44,27,884,1643305440.0,29.0,68
27/01/2022 14:45,27,885,1643305500.0,29.0,68
27/01/2022 14:46,27,886,1643305560.0,29.0,68
27/01/2022 14:47,27,887,1643305620.0,29.0,68
27/01/2022 14:48,27,888,1643305680.0,29.0,68
27/01/2022 14:49,27,889,1643305740.0,29.0,68
27/01/2022 14:50,27,890,1643305800.0,29.0,68
27/01/2022 14:51,27,891,1643305860.0,29.0,67
27/01/2022 14:52,27,892,1643305920.0,29.0,68
27/01/2022 14:53,27,893,1643305980.0,29.0,67
27/01/2022 14:54,27,894,1643306040.0,29.0,67
27/01/2022 14:55,27,895,1643306100.0,29.0,67
27/01/2022 14:57,27,897,1643306220.0,29.0,67
27/01/2022 14:58,27,898,1643306280.0,29.0,67
27/01/2022 14:59,27,899,1643306340.0,29.0,67
27/01/2022 15:00,27,900,1643306400.0,29.0,67
27/01/2022 15:01,27,901,1643306460.0,29.0,67
27/01/2022 15:02,27,902,1643306520.0,29.0,67
27/01/2022 15:03,27,903,1643306580.0,29.0,67
27/01/2022 15:04,27,904,1643306640.0,29.0,67
27/01/2022 15:05,27,905,1643306700.0,29.0,67
27/01/2022 15:06,27,906,1643306760.0,29.0,67
27/01/2022 15:07,27,907,1643306820.0,29.0,67
27/01/2022 15:08,27,908,1643306880.0,29.0,67
27/01/2022 15:09,27,909,1643306940.0,29.0,67
27/01/2022 15:10,27,910,1643307000.0,29.0,67
27/01/2022 15:11,27,911,1643307060.0,29.0,67
27/01/2022 15:12,27,912,1643307120.0,29.0,67
27/01/2022 15:13,27,913,1643307180.0,29.0,67
27/01/2022 15:14,27,914,1643307240.0,29.0,67
27/01/2022 15:15,27,915,1643307300.0,29.0,67
27/01/2022 15:16,27,916,1643307360.0,29.0,68
27/01/2022 15:17,27,917,1643307420.0,29.0,67
27/01/2022 15:18,27,918,1643307480.0,29.0,68
27/01/2022 15:19,27,919,1643307540.0,29.0,67
27/01/2022 15:20,27,920,1643307600.0,29.0,67
27/01/2022 15:21,27,921,1643307660.0,29.0,67
27/01/2022 15:22,27,922,1643307720.0,29.0,67
27/01/2022 15:23,27,923,1643307780.0,29.0,67
27/01/2022 15:24,27,924,1643307840.0,29.0,67
27/01/2022 15:25,27,925,1643307900.0,29.0,67
27/01/2022 15:26,27,926,1643307960.0,29.0,67
27/01/2022 15:27,27,927,1643308020.0,29.0,67
27/01/2022 15:28,27,928,1643308080.0,29.0,67
27/01/2022 15:29,27,929,1643308140.0,29.0,67
27/01/2022 15:30,27,930,1643308200.0,29.0,66
27/01/2022 15:31,27,931,1643308260.0,29.0,67
27/01/2022 15:32,27,932,1643308320.0,29.0,67
27/01/2022 15:33,27,933,1643308380.0,29.0,67
27/01/2022 15:35,27,935,1643308500.0,29.0,67
27/01/2022 15:36,27,936,1643308560.0,29.0,67
27/01/2022 15:37,27,937,1643308620.0,29.0,67
27/01/2022 15:38,27,938,1643308680.0,29.0,68
27/01/2022 15:39,27,939,1643308740.0,29.0,68
27/01/2022 15:40,27,940,1643308800.0,29.0,67
27/01/2022 15:41,27,941,1643308860.0,29.0,68
27/01/2022 15:42,27,942,1643308920.0,29.0,68
27/01/2022 15:43,27,943,1643308980.0,29.0,68
27/01/2022 15:44,27,944,1643309040.0,29.0,69
27/01/2022 15:45,27,945,1643309100.0,29.0,69
27/01/2022 15:46,27,946,1643309160.0,29.0,69
27/01/2022 15:47,27,947,1643309220.0,29.0,69
27/01/2022 15:48,27,948,1643309280.0,29.0,69
27/01/2022 15:49,27,949,1643309340.0,29.0,70
27/01/2022 15:50,27,950,1643309400.0,29.0,69
27/01/2022 15:51,27,951,1643309460.0,29.0,70
27/01/2022 15:52,27,952,1643309520.0,29.0,70
27/01/2022 15:53,27,953,1643309580.0,29.0,70
27/01/2022 15:54,27,954,1643309640.0,29.0,70
27/01/2022 15:55,27,955,1643309700.0,29.0,71
27/01/2022 15:56,27,956,1643309760.0,29.0,70
27/01/2022 15:57,27,957,1643309820.0,29.0,70
27/01/2022 15:58,27,958,1643309880.0,29.0,70
27/01/2022 15:59,27,959,1643309940.0,29.0,70
27/01/2022 16:00,27,960,1643310000.0,29.0,70
27/01/2022 16:01,27,961,1643310060.0,29.0,70
27/01/2022 16:02,27,962,1643310120.0,29.0,70
27/01/2022 16:03,27,963,1643310180.0,29.0,70
27/01/2022 16:04,27,964,1643310240.0,29.0,70
27/01/2022 16:05,27,965,1643310300.0,29.0,70
27/01/2022 16:06,27,966,1643310360.0,29.0,70
27/01/2022 16:07,27,967,1643310420.0,29.0,70
27/01/2022 16:08,27,968,1643310480.0,29.0,70
27/01/2022 16:09,27,969,1643310540.0,29.0,69
27/01/2022 16:10,27,970,1643310600.0,29.0,70
27/01/2022 16:12,27,972,1643310720.0,29.0,70
27/01/2022 16:13,27,973,1643310780.0,29.0,70
27/01/2022 16:14,27,974,1643310840.0,29.0,71
27/01/2022 16:15,27,975,1643310900.0,29.0,71
27/01/2022 16:16,27,976,1643310960.0,29.0,71
27/01/2022 16:17,27,977,1643311020.0,29.0,71
27/01/2022 16:18,27,978,1643311080.0,29.0,71
27/01/2022 16:19,27,979,1643311140.0,29.0,72
27/01/2022 16:20,27,980,1643311200.0,29.0,72
27/01/2022 16:21,27,981,1643311260.0,29.0,71
27/01/2022 16:22,27,982,1643311320.0,29.0,71
27/01/2022 16:23,27,983,1643311380.0,29.0,71
27/01/2022 16:24,27,984,1643311440.0,29.0,71
27/01/2022 16:25,27,985,1643311500.0,29.0,71
27/01/2022 16:26,27,986,1643311560.0,29.0,72
27/01/2022 16:27,27,987,1643311620.0,29.0,72
27/01/2022 16:28,27,988,1643311680.0,29.0,71
27/01/2022 16:29,27,989,1643311740.0,29.0,71
27/01/2022 16:30,27,990,1643311800.0,29.0,72
27/01/2022 16:31,27,991,1643311860.0,29.0,72
27/01/2022 16:32,27,992,1643311920.0,29.0,72
27/01/2022 16:33,27,993,1643311980.0,29.0,72
27/01/2022 16:34,27,994,1643312040.0,29.0,73
27/01/2022 16:35,27,995,1643312100.0,29.0,73
27/01/2022 16:36,27,996,1643312160.0,29.0,73
27/01/2022 16:37,27,997,1643312220.0,29.0,73
27/01/2022 16:38,27,998,1643312280.0,29.0,73
27/01/2022 16:39,27,999,1643312340.0,29.0,72
27/01/2022 16:40,27,1000,1643312400.0,29.0,72
27/01/2022 16:41,27,1001,1643312460.0,29.0,73
27/01/2022 16:42,27,1002,1643312520.0,29.0,73
27/01/2022 16:43,27,1003,1643312580.0,29.0,73
27/01/2022 16:44,27,1004,1643312640.0,29.0,73
27/01/2022 16:45,27,1005,1643312700.0,29.0,72
27/01/2022 16:46,27,1006,1643312760.0,29.0,71
27/01/2022 16:47,27,1007,1643312820.0,29.0,72
27/01/2022 16:48,27,1008,1643312880.0,29.0,72
27/01/2022 16:50,27,1010,1643313000.0,29.0,72
27/01/2022 16:51,27,1011,1643313060.0,29.0,71
27/01/2022 16:52,27,1012,1643313120.0,29.0,72
27/01/2022 16:53,27,1013,1643313180.0,29.0,72
27/01/2022 16:54,27,1014,1643313240.0,29.0,72
27/01/2022 16:55,27,1015,1643313300.0,29.0,72
27/01/2022 16:56,27,1016,1643313360.0,29.0,72
27/01/2022 16:57,27,1017,1643313420.0,29.0,72
27/01/2022 16:58,27,1018,1643313480.0,29.0,72
27/01/2022 16:59,27,1019,1643313540.0,29.0,73
27/01/2022 17:00,27,1020,1643313600.0,29.0,73
27/01/2022 17:01,27,1021,1643313660.0,29.0,73
27/01/2022 17:02,27,1022,1643313720.0,29.0,73
27/01/2022 17:03,27,1023,1643313780.0,29.0,72
27/01/2022 17:04,27,1024,1643313840.0,29.0,72
27/01/2022 17:05,27,1025,1643313900.0,29.0,73
27/01/2022 17:06,27,1026,1643313960.0,29.0,72
27/01/2022 17:07,27,1027,1643314020.0,29.0,72
27/01/2022 17:08,27,1028,1643314080.0,29.0,72
27/01/2022 17:09,27,1029,1643314140.0,29.0,72
27/01/2022 17:10,27,1030,1643314200.0,29.0,72
27/01/2022 17:11,27,1031,1643314260.0,29.0,72
27/01/2022 17:12,27,1032,1643314320.0,29.0,72
27/01/2022 17:13,27,1033,1643314380.0,29.0,72
27/01/2022 17:14,27,1034,1643314440.0,29.0,72
27/01/2022 17:15,27,1035,1643314500.0,29.0,72
27/01/2022 17:16,27,1036,1643314560.0,29.0,72
27/01/2022 17:17,27,1037,1643314620.0,29.0,71
27/01/2022 17:18,27,1038,1643314680.0,29.0,72
27/01/2022 17:19,27,1039,1643314740.0,29.0,72
27/01/2022 17:20,27,1040,1643314800.0,29.0,72
27/01/2022 17:21,27,1041,1643314860.0,29.0,72
27/01/2022 17:22,27,1042,1643314920.0,29.0,73
27/01/2022 17:23,27,1043,1643314980.0,29.0,72
27/01/2022 17:24,27,1044,1643315040.0,29.0,72
27/01/2022 17:25,27,1045,1643315100.0,29.0,73
27/01/2022 17:26,27,1046,1643315160.0,29.0,72
27/01/2022 17:27,27,1047,1643315220.0,29.0,72
27/01/2022 17:29,27,1049,1643315340.0,29.0,72
27/01/2022 17:30,27,1050,1643315400.0,29.0,72
27/01/2022 17:31,27,1051,1643315460.0,29.0,72
27/01/2022 17:32,27,1052,1643315520.0,29.0,72
27/01/2022 17:33,27,1053,1643315580.0,29.0,71
27/01/2022 17:34,27,1054,1643315640.0,29.0,72
27/01/2022 17:35,27,1055,1643315700.0,29.0,72
27/01/2022 17:36,27,1056,1643315760.0,29.0,72
27/01/2022 17:37,27,1057,1643315820.0,29.0,72
27/01/2022 17:38,27,1058,1643315880.0,29.0,72
27/01/2022 17:39,27,1059,1643315940.0,29.0,72
27/01/2022 17:40,27,1060,1643316000.0,29.0,72
27/01/2022 17:41,27,1061,1643316060.0,29.0,72
27/01/2022 17:42,27,1062,1643316120.0,29.0,72
27/01/2022 17:43,27,1063,1643316180.0,29.0,72
27/01/2022 17:44,27,1064,1643316240.0,29.0,72
27/01/2022 17:45,27,1065,1643316300.0,29.0,72
27/01/2022 17:46,27,1066,1643316360.0,29.0,72
27/01/2022 17:47,27,1067,1643316420.0,29.0,72
27/01/2022 17:48,27,1068,1643316480.0,29.0,72
27/01/2022 17:49,27,1069,1643316540.0,29.0,72
27/01/2022 17:50,27,1070,1643316600.0,29.0,72
27/01/2022 17:51,27,1071,1643316660.0,29.0,72
27/01/2022 17:52,27,1072,1643316720.0,29.0,72
27/01/2022 17:53,27,1073,1643316780.0,29.0,72
27/01/2022 17:54,27,1074,1643316840.0,29.0,73
27/01/2022 17:55,27,1075,1643316900.0,29.0,72
27/01/2022 17:56,27,1076,1643316960.0,29.0,72
27/01/2022 17:57,27,1077,1643317020.0,29.0,72
27/01/2022 17:58,27,1078,1643317080.0,29.0,73
27/01/2022 17:59,27,1079,1643317140.0,29.0,72
27/01/2022 18:00,27,1080,1643317200.0,29.0,73
27/01/2022 18:01,27,1081,1643317260.0,29.0,72
27/01/2022 18:02,27,1082,1643317320.0,29.0,72
27/01/2022 18:03,27,1083,1643317380.0,29.0,72
27/01/2022 18:04,27,1084,1643317440.0,29.0,72
27/01/2022 18:05,27,1085,1643317500.0,29.0,73
27/01/2022 18:07,27,1087,1643317620.0,29.0,73
27/01/2022 18:08,27,1088,1643317680.0,29.0,73
27/01/2022 18:09,27,1089,1643317740.0,29.0,73
27/01/2022 18:10,27,1090,1643317800.0,29.0,72
27/01/2022 18:11,27,1091,1643317860.0,29.0,73
27/01/2022 18:12,27,1092,1643317920.0,29.0,72
27/01/2022 18:13,27,1093,1643317980.0,29.0,72
27/01/2022 18:14,27,1094,1643318040.0,29.0,73
27/01/2022 18:15,27,1095,1643318100.0,29.0,72
27/01/2022 18:16,27,1096,1643318160.0,29.0,72
27/01/2022 18:17,27,1097,1643318220.0,29.0,72
27/01/2022 18:18,27,1098,1643318280.0,29.0,72
27/01/2022 18:19,27,1099,1643318340.0,29.0,72
27/01/2022 18:20,27,1100,1643318400.0,29.0,72
27/01/2022 18:21,27,1101,1643318460.0,29.0,72
27/01/2022 18:22,27,1102,1643318520.0,29.0,72
27/01/2022 18:23,27,1103,1643318580.0,29.0,72
27/01/2022 18:24,27,1104,1643318640.0,29.0,72
27/01/2022 18:25,27,1105,1643318700.0,29.0,72
27/01/2022 18:26,27,1106,1643318760.0,29.0,72
27/01/2022 18:27,27,1107,1643318820.0,29.0,72
27/01/2022 18:28,27,1108,1643318880.0,29.0,72
27/01/2022 18:29,27,1109,1643318940.0,29.0,72
27/01/2022 18:30,27,1110,1643319000.0,29.0,72
27/01/2022 18:31,27,1111,1643319060.0,29.0,72
27/01/2022 18:32,27,1112,1643319120.0,29.0,72
27/01/2022 18:33,27,1113,1643319180.0,29.0,72
27/01/2022 18:34,27,1114,1643319240.0,29.0,72
27/01/2022 18:35,27,1115,1643319300.0,29.0,72
27/01/2022 18:36,27,1116,1643319360.0,29.0,72
27/01/2022 18:37,27,1117,1643319420.0,29.0,72
27/01/2022 18:38,27,1118,1643319480.0,29.0,72
27/01/2022 18:39,27,1119,1643319540.0,29.0,72
27/01/2022 18:40,27,1120,1643319600.0,29.0,72
27/01/2022 18:41,27,1121,1643319660.0,29.0,72
27/01/2022 18:42,27,1122,1643319720.0,29.0,72
27/01/2022 18:43,27,1123,1643319780.0,29.0,72
27/01/2022 18:45,27,1125,1643319900.0,29.0,72
27/01/2022 18:46,27,1126,1643319960.0,29.0,72
27/01/2022 18:47,27,1127,1643320020.0,29.0,72
27/01/2022 18:48,27,1128,1643320080.0,29.0,72
27/01/2022 18:49,27,1129,1643320140.0,29.0,72
27/01/2022 18:50,27,1130,1643320200.0,29.0,72
27/01/2022 18:51,27,1131,1643320260.0,29.0,73
27/01/2022 18:52,27,1132,1643320320.0,29.0,72
27/01/2022 18:53,27,1133,1643320380.0,29.0,72
27/01/2022 18:54,27,1134,1643320440.0,29.0,73
27/01/2022 18:55,27,1135,1643320500.0,29.0,73
27/01/2022 18:56,27,1136,1643320560.0,29.0,72
27/01/2022 18:57,27,1137,1643320620.0,29.0,73
27/01/2022 18:58,27,1138,1643320680.0,29.0,73
27/01/2022 18:59,27,1139,1643320740.0,29.0,73
27/01/2022 19:00,27,1140,1643320800.0,29.0,73
27/01/2022 19:01,27,1141,1643320860.0,29.0,73
27/01/2022 19:02,27,1142,1643320920.0,29.0,72
27/01/2022 19:03,27,1143,1643320980.0,29.0,72
27/01/2022 19:04,27,1144,1643321040.0,29.0,72
27/01/2022 19:05,27,1145,1643321100.0,29.0,72
27/01/2022 19:06,27,1146,1643321160.0,29.0,72
27/01/2022 19:07,27,1147,1643321220.0,29.0,72
27/01/2022 19:08,27,1148,1643321280.0,29.0,72
27/01/2022 19:09,27,1149,1643321340.0,29.0,72
27/01/2022 19:10,27,1150,1643321400.0,29.0,72
27/01/2022 19:11,27,1151,1643321460.0,29.0,72
27/01/2022 19:12,27,1152,1643321520.0,29.0,72
27/01/2022 19:13,27,1153,1643321580.0,29.0,72
27/01/2022 19:14,27,1154,1643321640.0,29.0,72
27/01/2022 19:15,27,1155,1643321700.0,29.0,72
27/01/2022 19:16,27,1156,1643321760.0,29.0,72
27/01/2022 19:17,27,1157,1643321820.0,29.0,72
27/01/2022 19:18,27,1158,1643321880.0,29.0,72
27/01/2022 19:19,27,1159,1643321940.0,29.0,72
27/01/2022 19:20,27,1160,1643322000.0,29.0,72
27/01/2022 19:22,27,1162,1643322120.0,29.0,72
27/01/2022 19:23,27,1163,1643322180.0,29.0,72
27/01/2022 19:24,27,1164,1643322240.0,29.0,72
27/01/2022 19:25,27,1165,1643322300.0,29.0,72
27/01/2022 19:26,27,1166,1643322360.0,29.0,72
27/01/2022 19:27,27,1167,1643322420.0,29.0,72
27/01/2022 19:28,27,1168,1643322480.0,29.0,72
27/01/2022 19:29,27,1169,1643322540.0,29.0,72
27/01/2022 19:30,27,1170,1643322600.0,29.0,72
27/01/2022 19:31,27,1171,1643322660.0,29.0,72
27/01/2022 19:32,27,1172,1643322720.0,29.0,71
27/01/2022 19:33,27,1173,1643322780.0,29.0,71
27/01/2022 19:34,27,1174,1643322840.0,29.0,71
27/01/2022 19:35,27,1175,1643322900.0,29.0,72
27/01/2022 19:36,27,1176,1643322960.0,29.0,72
27/01/2022 19:37,27,1177,1643323020.0,29.0,72
27/01/2022 19:38,27,1178,1643323080.0,29.0,72
27/01/2022 19:39,27,1179,1643323140.0,29.0,72
27/01/2022 19:40,27,1180,1643323200.0,29.0,72
27/01/2022 19:41,27,1181,1643323260.0,29.0,72
27/01/2022 19:42,27,1182,1643323320.0,29.0,72
27/01/2022 19:43,27,1183,1643323380.0,29.0,72
27/01/2022 19:44,27,1184,1643323440.0,29.0,71
27/01/2022 19:45,27,1185,1643323500.0,29.0,72
27/01/2022 19:46,27,1186,1643323560.0,30.0,71
27/01/2022 19:47,27,1187,1643323620.0,29.0,71
27/01/2022 19:48,27,1188,1643323680.0,29.0,71
27/01/2022 19:49,27,1189,1643323740.0,29.0,71
27/01/2022 19:50,27,1190,1643323800.0,29.0,71
27/01/2022 19:51,27,1191,1643323860.0,28.0,70
27/01/2022 19:52,27,1192,1643323920.0,29.0,71
27/01/2022 19:53,27,1193,1643323980.0,29.0,71
27/01/2022 19:54,27,1194,1643324040.0,29.0,71
27/01/2022 19:55,27,1195,1643324100.0,29.0,70
27/01/2022 19:56,27,1196,1643324160.0,29.0,70
27/01/2022 19:58,27,1198,1643324280.0,29.0,70
27/01/2022 19:59,27,1199,1643324340.0,29.0,70
27/01/2022 20:00,27,1200,1643324400.0,29.0,70
27/01/2022 20:01,27,1201,1643324460.0,29.0,70
27/01/2022 20:02,27,1202,1643324520.0,29.0,70
27/01/2022 20:03,27,1203,1643324580.0,29.0,70
27/01/2022 20:04,27,1204,1643324640.0,29.0,70
27/01/2022 20:05,27,1205,1643324700.0,29.0,70
27/01/2022 20:06,27,1206,1643324760.0,29.0,70
27/01/2022 20:07,27,1207,1643324820.0,29.0,70
27/01/2022 20:08,27,1208,1643324880.0,29.0,70
27/01/2022 20:09,27,1209,1643324940.0,29.0,70
27/01/2022 20:10,27,1210,1643325000.0,29.0,71
27/01/2022 20:11,27,1211,1643325060.0,29.0,70
27/01/2022 20:12,27,1212,1643325120.0,29.0,70
27/01/2022 20:13,27,1213,1643325180.0,29.0,70
27/01/2022 20:14,27,1214,1643325240.0,29.0,70
27/01/2022 20:15,27,1215,1643325300.0,29.0,70
27/01/2022 20:16,27,1216,1643325360.0,29.0,70
27/01/2022 20:17,27,1217,1643325420.0,30.0,70
27/01/2022 20:18,27,1218,1643325480.0,29.0,70
27/01/2022 20:19,27,1219,1643325540.0,29.0,70
27/01/2022 20:20,27,1220,1643325600.0,29.0,70
27/01/2022 20:21,27,1221,1643325660.0,29.0,70
27/01/2022 20:22,27,1222,1643325720.0,29.0,71
27/01/2022 20:23,27,1223,1643325780.0,29.0,71
27/01/2022 20:24,27,1224,1643325840.0,29.0,71
27/01/2022 20:25,27,1225,1643325900.0,29.0,70
27/01/2022 20:26,27,1226,1643325960.0,29.0,70
27/01/2022 20:27,27,1227,1643326020.0,29.0,70
27/01/2022 20:28,27,1228,1643326080.0,29.0,71
27/01/2022 20:29,27,1229,1643326140.0,29.0,71
27/01/2022 20:30,27,1230,1643326200.0,29.0,71
27/01/2022 20:31,27,1231,1643326260.0,29.0,71
27/01/2022 20:32,27,1232,1643326320.0,29.0,71
27/01/2022 20:33,27,1233,1643326380.0,29.0,71
27/01/2022 20:34,27,1234,1643326440.0,29.0,71
27/01/2022 20:36,27,1236,1643326560.0,29.0,71
27/01/2022 20:37,27,1237,1643326620.0,29.0,71
27/01/2022 20:38,27,1238,1643326680.0,29.0,71
27/01/2022 20:39,27,1239,1643326740.0,29.0,71
27/01/2022 20:40,27,1240,1643326800.0,29.0,71
27/01/2022 20:41,27,1241,1643326860.0,29.0,71
27/01/2022 20:42,27,1242,1643326920.0,29.0,71
27/01/2022 20:43,27,1243,1643326980.0,30.0,70
27/01/2022 20:44,27,1244,1643327040.0,29.0,70
27/01/2022 20:45,27,1245,1643327100.0,29.0,70
27/01/2022 20:46,27,1246,1643327160.0,29.0,71
27/01/2022 20:47,27,1247,1643327220.0,29.0,71
27/01/2022 20:48,27,1248,1643327280.0,30.0,71
27/01/2022 20:49,27,1249,1643327340.0,29.0,71
27/01/2022 20:50,27,1250,1643327400.0,29.0,71
27/01/2022 20:51,27,1251,1643327460.0,29.0,71
27/01/2022 20:52,27,1252,1643327520.0,29.0,71
27/01/2022 20:53,27,1253,1643327580.0,29.0,72
27/01/2022 20:54,27,1254,1643327640.0,29.0,72
27/01/2022 20:55,27,1255,1643327700.0,29.0,72
27/01/2022 20:56,27,1256,1643327760.0,29.0,72
27/01/2022 20:57,27,1257,1643327820.0,29.0,72
27/01/2022 20:58,27,1258,1643327880.0,29.0,72
27/01/2022 20:59,27,1259,1643327940.0,29.0,72
27/01/2022 21:00,27,1260,1643328000.0,29.0,72
27/01/2022 21:01,27,1261,1643328060.0,29.0,72
27/01/2022 21:02,27,1262,1643328120.0,29.0,71
27/01/2022 21:03,27,1263,1643328180.0,28.0,70
27/01/2022 21:04,27,1264,1643328240.0,29.0,71
27/01/2022 21:05,27,1265,1643328300.0,29.0,71
27/01/2022 21:06,27,1266,1643328360.0,29.0,71
27/01/2022 21:07,27,1267,1643328420.0,29.0,71
27/01/2022 21:08,27,1268,1643328480.0,29.0,72
27/01/2022 21:09,27,1269,1643328540.0,29.0,71
27/01/2022 21:10,27,1270,1643328600.0,29.0,71
27/01/2022 21:11,27,1271,1643328660.0,29.0,71
27/01/2022 21:12,27,1272,1643328720.0,29.0,71
27/01/2022 21:14,27,1274,1643328840.0,29.0,71
27/01/2022 21:15,27,1275,1643328900.0,29.0,71
27/01/2022 21:16,27,1276,1643328960.0,29.0,71
27/01/2022 21:17,27,1277,1643329020.0,29.0,71
27/01/2022 21:18,27,1278,1643329080.0,29.0,71
27/01/2022 21:19,27,1279,1643329140.0,29.0,71
27/01/2022 21:20,27,1280,1643329200.0,29.0,71
27/01/2022 21:21,27,1281,1643329260.0,29.0,71
27/01/2022 21:22,27,1282,1643329320.0,29.0,71
27/01/2022 21:23,27,1283,1643329380.0,29.0,71
27/01/2022 21:24,27,1284,1643329440.0,29.0,72
27/01/2022 21:25,27,1285,1643329500.0,29.0,72
27/01/2022 21:26,27,1286,1643329560.0,29.0,72
27/01/2022 21:27,27,1287,1643329620.0,29.0,72
27/01/2022 21:28,27,1288,1643329680.0,29.0,72
27/01/2022 21:29,27,1289,1643329740.0,29.0,72
27/01/2022 21:30,27,1290,1643329800.0,29.0,72
27/01/2022 21:31,27,1291,1643329860.0,29.0,72
27/01/2022 21:32,27,1292,1643329920.0,29.0,73
27/01/2022 21:33,27,1293,1643329980.0,29.0,73
27/01/2022 21:34,27,1294,1643330040.0,29.0,74
27/01/2022 21:35,27,1295,1643330100.0,29.0,74
27/01/2022 21:36,27,1296,1643330160.0,29.0,74
27/01/2022 21:37,27,1297,1643330220.0,29.0,74
27/01/2022 21:38,27,1298,1643330280.0,29.0,75
27/01/2022 21:39,27,1299,1643330340.0,29.0,76
27/01/2022 21:40,27,1300,1643330400.0,29.0,75
27/01/2022 21:41,27,1301,1643330460.0,29.0,75
27/01/2022 21:42,27,1302,1643330520.0,29.0,76
27/01/2022 21:43,27,1303,1643330580.0,29.0,76
27/01/2022 21:44,27,1304,1643330640.0,29.0,76
27/01/2022 21:45,27,1305,1643330700.0,29.0,76
27/01/2022 21:46,27,1306,1643330760.0,29.0,76
27/01/2022 21:47,27,1307,1643330820.0,29.0,76
27/01/2022 21:48,27,1308,1643330880.0,29.0,76
27/01/2022 21:49,27,1309,1643330940.0,29.0,76
27/01/2022 21:50,27,1310,1643331000.0,29.0,76
27/01/2022 21:52,27,1312,1643331120.0,29.0,77
27/01/2022 21:53,27,1313,1643331180.0,29.0,77
27/01/2022 21:54,27,1314,1643331240.0,29.0,77
27/01/2022 21:55,27,1315,1643331300.0,29.0,77
27/01/2022 21:56,27,1316,1643331360.0,29.0,76
27/01/2022 21:57,27,1317,1643331420.0,29.0,76
27/01/2022 21:58,27,1318,1643331480.0,29.0,76
27/01/2022 21:59,27,1319,1643331540.0,29.0,76
27/01/2022 22:00,27,1320,1643331600.0,29.0,76
27/01/2022 22:01,27,1321,1643331660.0,29.0,76
27/01/2022 22:02,27,1322,1643331720.0,29.0,75
27/01/2022 22:03,27,1323,1643331780.0,29.0,76
27/01/2022 22:04,27,1324,1643331840.0,29.0,76
27/01/2022 22:05,27,1325,1643331900.0,29.0,76
27/01/2022 22:06,27,1326,1643331960.0,29.0,75
27/01/2022 22:07,27,1327,1643332020.0,29.0,75
27/01/2022 22:08,27,1328,1643332080.0,29.0,75
27/01/2022 22:09,27,1329,1643332140.0,29.0,75
27/01/2022 22:10,27,1330,1643332200.0,29.0,75
27/01/2022 22:11,27,1331,1643332260.0,29.0,75
27/01/2022 22:12,27,1332,1643332320.0,29.0,75
27/01/2022 22:13,27,1333,1643332380.0,29.0,75
27/01/2022 22:14,27,1334,1643332440.0,29.0,75
27/01/2022 22:15,27,1335,1643332500.0,28.0,74
27/01/2022 22:16,27,1336,1643332560.0,29.0,75
27/01/2022 22:17,27,1337,1643332620.0,29.0,75
27/01/2022 22:18,27,1338,1643332680.0,29.0,74
27/01/2022 22:19,27,1339,1643332740.0,29.0,74
27/01/2022 22:20,27,1340,1643332800.0,29.0,74
27/01/2022 22:21,27,1341,1643332860.0,29.0,74
27/01/2022 22:22,27,1342,1643332920.0,29.0,74
27/01/2022 22:23,27,1343,1643332980.0,29.0,74
27/01/2022 22:24,27,1344,1643333040.0,29.0,74
27/01/2022 22:25,27,1345,1643333100.0,29.0,74
27/01/2022 22:26,27,1346,1643333160.0,29.0,74
27/01/2022 22:27,27,1347,1643333220.0,29.0,73
27/01/2022 22:28,27,1348,1643333280.0,29.0,74
27/01/2022 22:30,27,1350,1643333400.0,29.0,73
27/01/2022 22:31,27,1351,1643333460.0,29.0,73
27/01/2022 22:32,27,1352,1643333520.0,29.0,73
27/01/2022 22:33,27,1353,1643333580.0,29.0,73
27/01/2022 22:34,27,1354,1643333640.0,29.0,72
27/01/2022 22:35,27,1355,1643333700.0,29.0,72
27/01/2022 22:36,27,1356,1643333760.0,29.0,72
27/01/2022 22:37,27,1357,1643333820.0,29.0,72
27/01/2022 22:38,27,1358,1643333880.0,29.0,73
27/01/2022 22:39,27,1359,1643333940.0,29.0,73
27/01/2022 22:40,27,1360,1643334000.0,29.0,73
27/01/2022 22:41,27,1361,1643334060.0,29.0,73
27/01/2022 22:42,27,1362,1643334120.0,29.0,72
27/01/2022 22:43,27,1363,1643334180.0,29.0,72
27/01/2022 22:44,27,1364,1643334240.0,29.0,72
27/01/2022 22:45,27,1365,1643334300.0,29.0,72
27/01/2022 22:46,27,1366,1643334360.0,29.0,72
27/01/2022 22:47,27,1367,1643334420.0,29.0,73
27/01/2022 22:48,27,1368,1643334480.0,29.0,73
27/01/2022 22:49,27,1369,1643334540.0,29.0,73
27/01/2022 22:50,27,1370,1643334600.0,29.0,72
27/01/2022 22:51,27,1371,1643334660.0,29.0,72
27/01/2022 22:52,27,1372,1643334720.0,29.0,72
27/01/2022 22:53,27,1373,1643334780.0,29.0,72
27/01/2022 22:54,27,1374,1643334840.0,29.0,72
27/01/2022 22:55,27,1375,1643334900.0,29.0,72
27/01/2022 22:56,27,1376,1643334960.0,29.0,72
27/01/2022 22:57,27,1377,1643335020.0,29.0,72
27/01/2022 22:58,27,1378,1643335080.0,29.0,72
27/01/2022 22:59,27,1379,1643335140.0,29.0,72
27/01/2022 23:00,27,1380,1643335200.0,29.0,72
27/01/2022 23:01,27,1381,1643335260.0,29.0,72
27/01/2022 23:02,27,1382,1643335320.0,29.0,72
27/01/2022 23:03,27,1383,1643335380.0,29.0,72
27/01/2022 23:04,27,1384,1643335440.0,29.0,72
27/01/2022 23:06,27,1386,1643335560.0,29.0,72
27/01/2022 23:07,27,1387,1643335620.0,29.0,72
27/01/2022 23:08,27,1388,1643335680.0,29.0,72
27/01/2022 23:09,27,1389,1643335740.0,29.0,72
27/01/2022 23:10,27,1390,1643335800.0,29.0,72
27/01/2022 23:11,27,1391,1643335860.0,29.0,72
27/01/2022 23:12,27,1392,1643335920.0,29.0,72
27/01/2022 23:13,27,1393,1643335980.0,29.0,72
27/01/2022 23:14,27,1394,1643336040.0,29.0,72
27/01/2022 23:15,27,1395,1643336100.0,29.0,72
27/01/2022 23:16,27,1396,1643336160.0,29.0,72
27/01/2022 23:17,27,1397,1643336220.0,29.0,73
27/01/2022 23:18,27,1398,1643336280.0,30.0,73
27/01/2022 23:19,27,1399,1643336340.0,29.0,73
27/01/2022 23:20,27,1400,1643336400.0,29.0,72
27/01/2022 23:21,27,1401,1643336460.0,29.0,73
27/01/2022 23:22,27,1402,1643336520.0,29.0,73
27/01/2022 23:23,27,1403,1643336580.0,29.0,73
27/01/2022 23:24,27,1404,1643336640.0,29.0,72
27/01/2022 23:25,27,1405,1643336700.0,29.0,72
27/01/2022 23:26,27,1406,1643336760.0,29.0,73
27/01/2022 23:27,27,1407,1643336820.0,29.0,72
27/01/2022 23:28,27,1408,1643336880.0,29.0,72
27/01/2022 23:29,27,1409,1643336940.0,29.0,72
27/01/2022 23:30,27,1410,1643337000.0,29.0,72
27/01/2022 23:31,27,1411,1643337060.0,29.0,72
27/01/2022 23:32,27,1412,1643337120.0,29.0,73
27/01/2022 23:33,27,1413,1643337180.0,29.0,73
27/01/2022 23:34,27,1414,1643337240.0,29.0,73
27/01/2022 23:35,27,1415,1643337300.0,29.0,73
27/01/2022 23:36,27,1416,1643337360.0,29.0,73
27/01/2022 23:37,27,1417,1643337420.0,29.0,73
27/01/2022 23:38,27,1418,1643337480.0,29.0,73
27/01/2022 23:39,27,1419,1643337540.0,29.0,73
27/01/2022 23:40,27,1420,1643337600.0,29.0,73
27/01/2022 23:41,27,1421,1643337660.0,29.0,73
27/01/2022 23:42,27,1422,1643337720.0,29.0,73
27/01/2022 23:44,27,1424,1643337840.0,29.0,73
27/01/2022 23:45,27,1425,1643337900.0,29.0,73
27/01/2022 23:46,27,1426,1643337960.0,29.0,74
27/01/2022 23:47,27,1427,1643338020.0,29.0,74
27/01/2022 23:48,27,1428,1643338080.0,29.0,74
27/01/2022 23:49,27,1429,1643338140.0,29.0,73
27/01/2022 23:50,27,1430,1643338200.0,29.0,73
27/01/2022 23:51,27,1431,1643338260.0,29.0,73
27/01/2022 23:52,27,1432,1643338320.0,29.0,73
27/01/2022 23:53,27,1433,1643338380.0,29.0,74
27/01/2022 23:54,27,1434,1643338440.0,29.0,74
27/01/2022 23:55,27,1435,1643338500.0,29.0,74
27/01/2022 23:56,27,1436,1643338560.0,29.0,73
27/01/2022 23:57,27,1437,1643338620.0,29.0,73
27/01/2022 23:58,27,1438,1643338680.0,29.0,73
27/01/2022 23:59,27,1439,1643338740.0,29.0,73
28/01/2022 00:00,28,0,1643338800.0,29.0,73
28/01/2022 00:01,28,1,1643338860.0,29.0,73
28/01/2022 00:02,28,2,1643338920.0,29.0,73
28/01/2022 00:03,28,3,1643338980.0,29.0,73
28/01/2022 00:04,28,4,1643339040.0,29.0,73
28/01/2022 00:05,28,5,1643339100.0,29.0,73
28/01/2022 00:06,28,6,1643339160.0,29.0,73
28/01/2022 00:07,28,7,1643339220.0,29.0,72
28/01/2022 00:08,28,8,1643339280.0,29.0,72
28/01/2022 00:09,28,9,1643339340.0,29.0,72
28/01/2022 00:10,28,10,1643339400.0,29.0,73
28/01/2022 00:11,28,11,1643339460.0,29.0,72
28/01/2022 00:12,28,12,1643339520.0,29.0,72
28/01/2022 00:13,28,13,1643339580.0,29.0,72
28/01/2022 00:14,28,14,1643339640.0,29.0,72
28/01/2022 00:15,28,15,1643339700.0,29.0,72
28/01/2022 00:16,28,16,1643339760.0,29.0,72
28/01/2022 00:17,28,17,1643339820.0,29.0,72
28/01/2022 00:18,28,18,1643339880.0,29.0,72
28/01/2022 00:19,28,19,1643339940.0,29.0,72
28/01/2022 00:21,28,21,1643340060.0,29.0,72
28/01/2022 00:22,28,22,1643340120.0,29.0,72
28/01/2022 00:23,28,23,1643340180.0,29.0,72
28/01/2022 00:24,28,24,1643340240.0,29.0,72
28/01/2022 00:25,28,25,1643340300.0,29.0,72
28/01/2022 00:26,28,26,1643340360.0,29.0,72
28/01/2022 00:27,28,27,1643340420.0,29.0,72
28/01/2022 00:28,28,28,1643340480.0,29.0,72
28/01/2022 00:29,28,29,1643340540.0,29.0,72
28/01/2022 00:30,28,30,1643340600.0,29.0,72
28/01/2022 00:31,28,31,1643340660.0,29.0,72
28/01/2022 00:32,28,32,1643340720.0,29.0,72
28/01/2022 00:33,28,33,1643340780.0,29.0,72
28/01/2022 00:34,28,34,1643340840.0,29.0,72
28/01/2022 00:35,28,35,1643340900.0,29.0,72
28/01/2022 00:36,28,36,1643340960.0,29.0,72
28/01/2022 00:37,28,37,1643341020.0,29.0,72
28/01/2022 00:38,28,38,1643341080.0,29.0,72
28/01/2022 00:39,28,39,1643341140.0,29.0,72
28/01/2022 00:40,28,40,1643341200.0,29.0,72
28/01/2022 00:41,28,41,1643341260.0,29.0,72
28/01/2022 00:42,28,42,1643341320.0,29.0,72
28/01/2022 00:43,28,43,1643341380.0,29.0,72
28/01/2022 00:44,28,44,1643341440.0,29.0,72
28/01/2022 00:45,28,45,1643341500.0,29.0,72
28/01/2022 00:46,28,46,1643341560.0,29.0,72
28/01/2022 00:47,28,47,1643341620.0,29.0,72
28/01/2022 00:48,28,48,1643341680.0,29.0,72
28/01/2022 00:49,28,49,1643341740.0,29.0,72
28/01/2022 00:50,28,50,1643341800.0,29.0,72
28/01/2022 00:51,28,51,1643341860.0,29.0,72
28/01/2022 00:52,28,52,1643341920.0,29.0,72
28/01/2022 00:53,28,53,1643341980.0,29.0,72
28/01/2022 00:54,28,54,1643342040.0,29.0,72
28/01/2022 00:56,28,56,1643342160.0,29.0,72
28/01/2022 00:57,28,57,1643342220.0,29.0,72
28/01/2022 00:58,28,58,1643342280.0,29.0,72
28/01/2022 00:59,28,59,1643342340.0,29.0,72
28/01/2022 01:00,28,60,1643342400.0,29.0,72
28/01/2022 01:01,28,61,1643342460.0,29.0,72
28/01/2022 01:02,28,62,1643342520.0,29.0,72
28/01/2022 01:03,28,63,1643342580.0,29.0,72
28/01/2022 01:04,28,64,1643342640.0,29.0,72
28/01/2022 01:05,28,65,1643342700.0,29.0,72
28/01/2022 01:06,28,66,1643342760.0,29.0,72
28/01/2022 01:07,28,67,1643342820.0,29.0,72
28/01/2022 01:08,28,68,1643342880.0,29.0,72
28/01/2022 01:09,28,69,1643342940.0,29.0,72
28/01/2022 01:10,28,70,1643343000.0,29.0,72
28/01/2022 01:11,28,71,1643343060.0,29.0,72
28/01/2022 01:12,28,72,1643343120.0,29.0,72
28/01/2022 01:13,28,73,1643343180.0,29.0,72
28/01/2022 01:14,28,74,1643343240.0,29.0,72
28/01/2022 01:15,28,75,1643343300.0,29.0,72
28/01/2022 01:16,28,76,1643343360.0,29.0,72
28/01/2022 01:17,28,77,1643343420.0,29.0,72
28/01/2022 01:18,28,78,1643343480.0,29.0,72
28/01/2022 01:19,28,79,1643343540.0,29.0,72
28/01/2022 01:20,28,80,1643343600.0,29.0,72
28/01/2022 01:21,28,81,1643343660.0,29.0,72
28/01/2022 01:22,28,82,1643343720.0,29.0,72
28/01/2022 01:23,28,83,1643343780.0,29.0,72
28/01/2022 01:24,28,84,1643343840.0,29.0,72
28/01/2022 01:25,28,85,1643343900.0,29.0,72
28/01/2022 01:26,28,86,1643343960.0,29.0,72
28/01/2022 01:27,28,87,1643344020.0,29.0,72
28/01/2022 01:28,28,88,1643344080.0,29.0,72
28/01/2022 01:29,28,89,1643344140.0,29.0,72
28/01/2022 01:30,28,90,1643344200.0,30.0,72
28/01/2022 01:31,28,91,1643344260.0,29.0,72
28/01/2022 01:33,28,93,1643344380.0,29.0,72
28/01/2022 01:34,28,94,1643344440.0,29.0,72
28/01/2022 01:35,28,95,1643344500.0,29.0,72
28/01/2022 01:36,28,96,1643344560.0,29.0,72
28/01/2022 01:37,28,97,1643344620.0,29.0,72
28/01/2022 01:38,28,98,1643344680.0,29.0,72
28/01/2022 01:39,28,99,1643344740.0,29.0,72
28/01/2022 01:40,28,100,1643344800.0,29.0,72
28/01/2022 01:41,28,101,1643344860.0,29.0,72
28/01/2022 01:42,28,102,1643344920.0,29.0,72
28/01/2022 01:43,28,103,1643344980.0,29.0,73
28/01/2022 01:44,28,104,1643345040.0,29.0,72
28/01/2022 01:45,28,105,1643345100.0,29.0,72
28/01/2022 01:46,28,106,1643345160.0,29.0,72
28/01/2022 01:47,28,107,1643345220.0,29.0,72
28/01/2022 01:48,28,108,1643345280.0,29.0,72
28/01/2022 01:49,28,109,1643345340.0,29.0,72
28/01/2022 01:50,28,110,1643345400.0,29.0,72
28/01/2022 01:51,28,111,1643345460.0,29.0,72
28/01/2022 01:52,28,112,1643345520.0,29.0,73
28/01/2022 01:53,28,113,1643345580.0,29.0,73
28/01/2022 01:54,28,114,1643345640.0,29.0,72
28/01/2022 01:55,28,115,1643345700.0,29.0,72
28/01/2022 01:56,28,116,1643345760.0,29.0,72
28/01/2022 01:57,28,117,1643345820.0,29.0,72
28/01/2022 01:58,28,118,1643345880.0,29.0,72
28/01/2022 01:59,28,119,1643345940.0,29.0,72
28/01/2022 02:00,28,120,1643346000.0,29.0,72
28/01/2022 02:01,28,121,1643346060.0,29.0,72
28/01/2022 02:02,28,122,1643346120.0,29.0,72
28/01/2022 02:03,28,123,1643346180.0,29.0,72
28/01/2022 02:04,28,124,1643346240.0,29.0,72
28/01/2022 02:05,28,125,1643346300.0,29.0,72
28/01/2022 02:06,28,126,1643346360.0,29.0,72
28/01/2022 02:07,28,127,1643346420.0,29.0,72
28/01/2022 02:08,28,128,1643346480.0,29.0,72
28/01/2022 02:10,28,130,1643346600.0,29.0,73
28/01/2022 02:11,28,131,1643346660.0,29.0,72
28/01/2022 02:12,28,132,1643346720.0,29.0,73
28/01/2022 02:13,28,133,1643346780.0,29.0,73
28/01/2022 02:14,28,134,1643346840.0,29.0,72
28/01/2022 02:15,28,135,1643346900.0,29.0,72
28/01/2022 02:16,28,136,1643346960.0,29.0,72
28/01/2022 02:17,28,137,1643347020.0,29.0,73
28/01/2022 02:18,28,138,1643347080.0,29.0,72
28/01/2022 02:19,28,139,1643347140.0,29.0,72
28/01/2022 02:20,28,140,1643347200.0,29.0,72
28/01/2022 02:21,28,141,1643347260.0,29.0,72
28/01/2022 02:22,28,142,1643347320.0,29.0,72
28/01/2022 02:23,28,143,1643347380.0,29.0,72
28/01/2022 02:24,28,144,1643347440.0,29.0,72
28/01/2022 02:25,28,145,1643347500.0,29.0,72
28/01/2022 02:26,28,146,1643347560.0,29.0,72
28/01/2022 02:27,28,147,1643347620.0,29.0,72
28/01/2022 02:28,28,148,1643347680.0,29.0,72
28/01/2022 02:29,28,149,1643347740.0,29.0,72
28/01/2022 02:30,28,150,1643347800.0,29.0,72
28/01/2022 02:31,28,151,1643347860.0,29.0,72
28/01/2022 02:32,28,152,1643347920.0,29.0,72
28/01/2022 02:33,28,153,1643347980.0,29.0,73
28/01/2022 02:34,28,154,1643348040.0,29.0,72
28/01/2022 02:35,28,155,1643348100.0,29.0,72
28/01/2022 02:36,28,156,1643348160.0,29.0,72
28/01/2022 02:37,28,157,1643348220.0,29.0,72
28/01/2022 02:38,28,158,1643348280.0,29.0,73
28/01/2022 02:39,28,159,1643348340.0,29.0,73
28/01/2022 02:40,28,160,1643348400.0,29.0,73
28/01/2022 02:41,28,161,1643348460.0,28.0,72
28/01/2022 02:42,28,162,1643348520.0,29.0,73
28/01/2022 02:43,28,163,1643348580.0,29.0,73
28/01/2022 02:44,28,164,1643348640.0,29.0,73
28/01/2022 02:45,28,165,1643348700.0,29.0,73
28/01/2022 02:46,28,166,1643348760.0,29.0,73
28/01/2022 02:48,28,168,1643348880.0,29.0,72
28/01/2022 02:49,28,169,1643348940.0,29.0,72
28/01/2022 02:50,28,170,1643349000.0,29.0,72
28/01/2022 02:51,28,171,1643349060.0,29.0,72
28/01/2022 02:52,28,172,1643349120.0,29.0,72
28/01/2022 02:53,28,173,1643349180.0,29.0,72
28/01/2022 02:54,28,174,1643349240.0,29.0,72
28/01/2022 02:55,28,175,1643349300.0,29.0,72
28/01/2022 02:56,28,176,1643349360.0,29.0,72
28/01/2022 02:57,28,177,1643349420.0,29.0,72
28/01/2022 02:58,28,178,1643349480.0,29.0,72
28/01/2022 02:59,28,179,1643349540.0,29.0,72
28/01/2022 03:00,28,180,1643349600.0,29.0,72
28/01/2022 03:01,28,181,1643349660.0,29.0,72
28/01/2022 03:02,28,182,1643349720.0,29.0,72
28/01/2022 03:03,28,183,1643349780.0,29.0,72
28/01/2022 03:04,28,184,1643349840.0,29.0,72
28/01/2022 03:05,28,185,1643349900.0,29.0,72
28/01/2022 03:06,28,186,1643349960.0,29.0,72
28/01/2022 03:07,28,187,1643350020.0,29.0,72
28/01/2022 03:08,28,188,1643350080.0,29.0,72
28/01/2022 03:09,28,189,1643350140.0,29.0,72
28/01/2022 03:10,28,190,1643350200.0,29.0,72
28/01/2022 03:11,28,191,1643350260.0,29.0,72
28/01/2022 03:12,28,192,1643350320.0,29.0,72
28/01/2022 03:13,28,193,1643350380.0,29.0,72
28/01/2022 03:14,28,194,1643350440.0,29.0,71
28/01/2022 03:15,28,195,1643350500.0,29.0,72
28/01/2022 03:16,28,196,1643350560.0,29.0,72
28/01/2022 03:17,28,197,1643350620.0,29.0,72
28/01/2022 03:18,28,198,1643350680.0,29.0,72
28/01/2022 03:19,28,199,1643350740.0,29.0,72
28/01/2022 03:20,28,200,1643350800.0,29.0,72
28/01/2022 03:21,28,201,1643350860.0,29.0,72
28/01/2022 03:22,28,202,1643350920.0,29.0,72
28/01/2022 03:23,28,203,1643350980.0,29.0,72
28/01/2022 03:24,28,204,1643351040.0,29.0,72
28/01/2022 03:26,28,206,1643351160.0,29.0,72
28/01/2022 03:27,28,207,1643351220.0,29.0,72
28/01/2022 03:28,28,208,1643351280.0,29.0,72
28/01/2022 03:29,28,209,1643351340.0,29.0,72
28/01/2022 03:30,28,210,1643351400.0,29.0,72
28/01/2022 03:31,28,211,1643351460.0,29.0,72
28/01/2022 03:32,28,212,1643351520.0,29.0,72
28/01/2022 03:33,28,213,1643351580.0,29.0,72
28/01/2022 03:34,28,214,1643351640.0,29.0,72
28/01/2022 03:35,28,215,1643351700.0,29.0,72
28/01/2022 03:36,28,216,1643351760.0,29.0,72
28/01/2022 03:37,28,217,1643351820.0,29.0,72
28/01/2022 03:38,28,218,1643351880.0,29.0,72
28/01/2022 03:39,28,219,1643351940.0,29.0,72
28/01/2022 03:40,28,220,1643352000.0,28.0,71
28/01/2022 03:41,28,221,1643352060.0,29.0,72
28/01/2022 03:42,28,222,1643352120.0,29.0,72
28/01/2022 03:43,28,223,1643352180.0,29.0,72
28/01/2022 03:44,28,224,1643352240.0,29.0,72
28/01/2022 03:45,28,225,1643352300.0,29.0,72
28/01/2022 03:46,28,226,1643352360.0,29.0,72
28/01/2022 03:47,28,227,1643352420.0,29.0,72
28/01/2022 03:48,28,228,1643352480.0,29.0,72
28/01/2022 03:49,28,229,1643352540.0,29.0,72
28/01/2022 03:50,28,230,1643352600.0,29.0,72
28/01/2022 03:51,28,231,1643352660.0,29.0,72
28/01/2022 03:52,28,232,1643352720.0,29.0,72
28/01/2022 03:53,28,233,1643352780.0,29.0,72
28/01/2022 03:54,28,234,1643352840.0,29.0,72
28/01/2022 03:55,28,235,1643352900.0,29.0,72
28/01/2022 03:56,28,236,1643352960.0,29.0,72
28/01/2022 03:57,28,237,1643353020.0,29.0,71
28/01/2022 03:58,28,238,1643353080.0,29.0,72
28/01/2022 03:59,28,239,1643353140.0,29.0,72
28/01/2022 04:00,28,240,1643353200.0,29.0,72
28/01/2022 04:01,28,241,1643353260.0,29.0,71
28/01/2022 04:03,28,243,1643353380.0,29.0,72
28/01/2022 04:04,28,244,1643353440.0,29.0,72
28/01/2022 04:05,28,245,1643353500.0,29.0,72
28/01/2022 04:06,28,246,1643353560.0,29.0,72
28/01/2022 04:07,28,247,1643353620.0,29.0,72
28/01/2022 04:08,28,248,1643353680.0,29.0,72
28/01/2022 04:09,28,249,1643353740.0,29.0,72
28/01/2022 04:10,28,250,1643353800.0,29.0,72
28/01/2022 04:11,28,251,1643353860.0,29.0,72
28/01/2022 04:12,28,252,1643353920.0,29.0,72
28/01/2022 04:13,28,253,1643353980.0,29.0,72
28/01/2022 04:14,28,254,1643354040.0,29.0,72
28/01/2022 04:15,28,255,1643354100.0,29.0,71
28/01/2022 04:16,28,256,1643354160.0,29.0,72
28/01/2022 04:17,28,257,1643354220.0,29.0,72
28/01/2022 04:18,28,258,1643354280.0,29.0,72
28/01/2022 04:19,28,259,1643354340.0,29.0,72
28/01/2022 04:20,28,260,1643354400.0,29.0,71
28/01/2022 04:21,28,261,1643354460.0,29.0,72
28/01/2022 04:22,28,262,1643354520.0,29.0,71
28/01/2022 04:23,28,263,1643354580.0,29.0,71
28/01/2022 04:24,28,264,1643354640.0,29.0,71
28/01/2022 04:25,28,265,1643354700.0,29.0,71
28/01/2022 04:26,28,266,1643354760.0,29.0,71
28/01/2022 04:27,28,267,1643354820.0,29.0,71
28/01/2022 04:28,28,268,1643354880.0,29.0,71
28/01/2022 04:29,28,269,1643354940.0,29.0,70
28/01/2022 04:30,28,270,1643355000.0,29.0,71
28/01/2022 04:31,28,271,1643355060.0,29.0,71
28/01/2022 04:32,28,272,1643355120.0,29.0,71
28/01/2022 04:33,28,273,1643355180.0,29.0,71
28/01/2022 04:34,28,274,1643355240.0,29.0,72
28/01/2022 04:35,28,275,1643355300.0,28.0,70
28/01/2022 04:36,28,276,1643355360.0,29.0,72
28/01/2022 04:37,28,277,1643355420.0,29.0,71
28/01/2022 04:38,28,278,1643355480.0,29.0,71
28/01/2022 04:40,28,280,1643355600.0,29.0,71
28/01/2022 04:41,28,281,1643355660.0,29.0,71
28/01/2022 04:42,28,282,1643355720.0,29.0,71
28/01/2022 04:43,28,283,1643355780.0,29.0,71
28/01/2022 04:44,28,284,1643355840.0,29.0,71
28/01/2022 04:45,28,285,1643355900.0,29.0,71
28/01/2022 04:46,28,286,1643355960.0,29.0,70
28/01/2022 04:47,28,287,1643356020.0,29.0,71
28/01/2022 04:48,28,288,1643356080.0,29.0,70
28/01/2022 04:49,28,289,1643356140.0,29.0,71
28/01/2022 04:50,28,290,1643356200.0,29.0,70
28/01/2022 04:51,28,291,1643356260.0,29.0,71
28/01/2022 04:52,28,292,1643356320.0,29.0,70
28/01/2022 04:53,28,293,1643356380.0,29.0,71
28/01/2022 04:54,28,294,1643356440.0,29.0,70
28/01/2022 04:55,28,295,1643356500.0,29.0,71
28/01/2022 04:56,28,296,1643356560.0,29.0,71
28/01/2022 04:57,28,297,1643356620.0,29.0,71
28/01/2022 04:58,28,298,1643356680.0,29.0,71
28/01/2022 04:59,28,299,1643356740.0,29.0,71
28/01/2022 05:00,28,300,1643356800.0,29.0,71
28/01/2022 05:01,28,301,1643356860.0,29.0,70
28/01/2022 05:02,28,302,1643356920.0,29.0,71
28/01/2022 05:03,28,303,1643356980.0,29.0,70
28/01/2022 05:04,28,304,1643357040.0,29.0,71
28/01/2022 05:05,28,305,1643357100.0,29.0,71
28/01/2022 05:06,28,306,1643357160.0,29.0,71
28/01/2022 05:07,28,307,1643357220.0,29.0,70
28/01/2022 05:08,28,308,1643357280.0,29.0,71
28/01/2022 05:09,28,309,1643357340.0,29.0,71
28/01/2022 05:10,28,310,1643357400.0,29.0,71
28/01/2022 05:11,28,311,1643357460.0,29.0,70
28/01/2022 05:12,28,312,1643357520.0,29.0,70
28/01/2022 05:13,28,313,1643357580.0,29.0,70
28/01/2022 05:14,28,314,1643357640.0,29.0,70
28/01/2022 05:15,28,315,1643357700.0,29.0,71
28/01/2022 05:16,28,316,1643357760.0,29.0,71
28/01/2022 05:18,28,318,1643357880.0,29.0,70
28/01/2022 05:19,28,319,1643357940.0,29.0,71
28/01/2022 05:20,28,320,1643358000.0,29.0,71
28/01/2022 05:21,28,321,1643358060.0,29.0,71
28/01/2022 05:22,28,322,1643358120.0,29.0,71
28/01/2022 05:23,28,323,1643358180.0,29.0,71
28/01/2022 05:24,28,324,1643358240.0,29.0,71
28/01/2022 05:25,28,325,1643358300.0,29.0,71
28/01/2022 05:26,28,326,1643358360.0,29.0,70
28/01/2022 05:27,28,327,1643358420.0,29.0,71
28/01/2022 05:28,28,328,1643358480.0,29.0,71
28/01/2022 05:29,28,329,1643358540.0,29.0,71
28/01/2022 05:30,28,330,1643358600.0,29.0,71
28/01/2022 05:31,28,331,1643358660.0,29.0,71
28/01/2022 05:32,28,332,1643358720.0,28.0,70
28/01/2022 05:33,28,333,1643358780.0,29.0,70
28/01/2022 05:34,28,334,1643358840.0,29.0,71
28/01/2022 05:35,28,335,1643358900.0,29.0,71
28/01/2022 05:36,28,336,1643358960.0,29.0,71
28/01/2022 05:37,28,337,1643359020.0,29.0,71
28/01/2022 05:39,28,339,1643359140.0,29.0,71
28/01/2022 05:40,28,340,1643359200.0,29.0,71
28/01/2022 05:41,28,341,1643359260.0,29.0,71
28/01/2022 05:42,28,342,1643359320.0,29.0,71
28/01/2022 05:45,28,345,1643359500.0,29.0,71
28/01/2022 05:46,28,346,1643359560.0,29.0,71
28/01/2022 05:47,28,347,1643359620.0,29.0,71
28/01/2022 05:48,28,348,1643359680.0,29.0,71
28/01/2022 05:49,28,349,1643359740.0,29.0,71
28/01/2022 05:50,28,350,1643359800.0,29.0,71
28/01/2022 05:51,28,351,1643359860.0,29.0,71
28/01/2022 05:52,28,352,1643359920.0,29.0,71
28/01/2022 05:53,28,353,1643359980.0,29.0,71
28/01/2022 05:54,28,354,1643360040.0,29.0,71
28/01/2022 05:55,28,355,1643360100.0,29.0,70
28/01/2022 05:56,28,356,1643360160.0,29.0,70
28/01/2022 05:57,28,357,1643360220.0,29.0,70
28/01/2022 05:58,28,358,1643360280.0,29.0,70
28/01/2022 05:59,28,359,1643360340.0,29.0,70
28/01/2022 06:00,28,360,1643360400.0,29.0,71
28/01/2022 06:01,28,361,1643360460.0,29.0,70
28/01/2022 06:02,28,362,1643360520.0,29.0,70
28/01/2022 06:03,28,363,1643360580.0,29.0,70
28/01/2022 06:04,28,364,1643360640.0,29.0,71
28/01/2022 06:05,28,365,1643360700.0,29.0,70
28/01/2022 06:06,28,366,1643360760.0,29.0,70
28/01/2022 06:07,28,367,1643360820.0,29.0,70
28/01/2022 06:08,28,368,1643360880.0,29.0,70
28/01/2022 06:09,28,369,1643360940.0,29.0,71
28/01/2022 06:11,28,371,1643361060.0,29.0,71
28/01/2022 06:12,28,372,1643361120.0,29.0,71
28/01/2022 06:13,28,373,1643361180.0,29.0,71
28/01/2022 06:14,28,374,1643361240.0,29.0,71
28/01/2022 06:15,28,375,1643361300.0,29.0,71
28/01/2022 06:16,28,376,1643361360.0,29.0,70
28/01/2022 06:17,28,377,1643361420.0,29.0,71
28/01/2022 06:18,28,378,1643361480.0,28.0,69
28/01/2022 06:19,28,379,1643361540.0,28.0,69
28/01/2022 06:20,28,380,1643361600.0,29.0,71
28/01/2022 06:21,28,381,1643361660.0,29.0,71
28/01/2022 06:22,28,382,1643361720.0,29.0,71
28/01/2022 06:23,28,383,1643361780.0,29.0,71
28/01/2022 06:24,28,384,1643361840.0,28.0,69
28/01/2022 06:25,28,385,1643361900.0,29.0,71
28/01/2022 06:26,28,386,1643361960.0,29.0,70
28/01/2022 06:27,28,387,1643362020.0,29.0,71
28/01/2022 06:28,28,388,1643362080.0,29.0,71
28/01/2022 06:29,28,389,1643362140.0,29.0,70
28/01/2022 06:30,28,390,1643362200.0,29.0,70
28/01/2022 06:31,28,391,1643362260.0,29.0,70
28/01/2022 06:32,28,392,1643362320.0,29.0,71
28/01/2022 06:33,28,393,1643362380.0,29.0,70
28/01/2022 06:34,28,394,1643362440.0,29.0,71
28/01/2022 06:35,28,395,1643362500.0,29.0,70
28/01/2022 06:36,28,396,1643362560.0,29.0,71
28/01/2022 06:37,28,397,1643362620.0,29.0,71
28/01/2022 06:38,28,398,1643362680.0,29.0,70
28/01/2022 06:39,28,399,1643362740.0,29.0,71
28/01/2022 06:40,28,400,1643362800.0,29.0,71
28/01/2022 06:41,28,401,1643362860.0,29.0,71
28/01/2022 06:42,28,402,1643362920.0,29.0,71
28/01/2022 06:43,28,403,1643362980.0,29.0,70
28/01/2022 06:44,28,404,1643363040.0,29.0,70
28/01/2022 06:45,28,405,1643363100.0,29.0,70
28/01/2022 06:46,28,406,1643363160.0,29.0,70
28/01/2022 06:47,28,407,1643363220.0,29.0,71
28/01/2022 06:49,28,409,1643363340.0,29.0,70
28/01/2022 06:50,28,410,1643363400.0,29.0,70
28/01/2022 06:51,28,411,1643363460.0,29.0,70
28/01/2022 06:52,28,412,1643363520.0,29.0,70
28/01/2022 06:53,28,413,1643363580.0,29.0,70
28/01/2022 06:54,28,414,1643363640.0,29.0,71
28/01/2022 06:55,28,415,1643363700.0,29.0,70
28/01/2022 06:56,28,416,1643363760.0,29.0,70
28/01/2022 06:57,28,417,1643363820.0,29.0,70
28/01/2022 06:58,28,418,1643363880.0,29.0,70
28/01/2022 06:59,28,419,1643363940.0,29.0,71
28/01/2022 07:00,28,420,1643364000.0,29.0,70
28/01/2022 07:01,28,421,1643364060.0,29.0,70
28/01/2022 07:02,28,422,1643364120.0,29.0,70
28/01/2022 07:03,28,423,1643364180.0,29.0,70
28/01/2022 07:04,28,424,1643364240.0,29.0,70
28/01/2022 07:05,28,425,1643364300.0,29.0,70
28/01/2022 07:06,28,426,1643364360.0,29.0,70
28/01/2022 07:07,28,427,1643364420.0,28.0,69
28/01/2022 07:08,28,428,1643364480.0,29.0,70
28/01/2022 07:09,28,429,1643364540.0,29.0,70
28/01/2022 07:10,28,430,1643364600.0,29.0,70
28/01/2022 07:11,28,431,1643364660.0,29.0,70
28/01/2022 07:12,28,432,1643364720.0,29.0,70
28/01/2022 07:13,28,433,1643364780.0,29.0,70
28/01/2022 07:14,28,434,1643364840.0,29.0,70
28/01/2022 07:15,28,435,1643364900.0,29.0,71
28/01/2022 07:16,28,436,1643364960.0,29.0,70
28/01/2022 07:17,28,437,1643365020.0,29.0,70
28/01/2022 07:18,28,438,1643365080.0,29.0,70
28/01/2022 07:19,28,439,1643365140.0,29.0,70
28/01/2022 07:20,28,440,1643365200.0,28.0,69
28/01/2022 07:21,28,441,1643365260.0,29.0,70
28/01/2022 07:22,28,442,1643365320.0,29.0,70
28/01/2022 07:23,28,443,1643365380.0,29.0,70
28/01/2022 07:24,28,444,1643365440.0,29.0,70
28/01/2022 07:26,28,446,1643365560.0,29.0,70
28/01/2022 07:27,28,447,1643365620.0,29.0,70
28/01/2022 07:28,28,448,1643365680.0,29.0,70
28/01/2022 07:29,28,449,1643365740.0,29.0,70
28/01/2022 07:30,28,450,1643365800.0,29.0,70
28/01/2022 07:31,28,451,1643365860.0,29.0,70
28/01/2022 07:32,28,452,1643365920.0,29.0,70
28/01/2022 07:33,28,453,1643365980.0,29.0,70
28/01/2022 07:34,28,454,1643366040.0,29.0,70
28/01/2022 07:35,28,455,1643366100.0,29.0,70
28/01/2022 07:36,28,456,1643366160.0,29.0,69
28/01/2022 07:37,28,457,1643366220.0,29.0,70
28/01/2022 07:38,28,458,1643366280.0,29.0,69
28/01/2022 07:39,28,459,1643366340.0,29.0,70
28/01/2022 07:40,28,460,1643366400.0,29.0,69
28/01/2022 07:41,28,461,1643366460.0,29.0,70
28/01/2022 07:42,28,462,1643366520.0,29.0,70
28/01/2022 07:43,28,463,1643366580.0,29.0,70
28/01/2022 07:44,28,464,1643366640.0,29.0,69
28/01/2022 07:45,28,465,1643366700.0,29.0,70
28/01/2022 07:46,28,466,1643366760.0,29.0,70
28/01/2022 07:47,28,467,1643366820.0,29.0,69
28/01/2022 07:48,28,468,1643366880.0,29.0,69
28/01/2022 07:49,28,469,1643366940.0,29.0,69
28/01/2022 07:50,28,470,1643367000.0,29.0,69
28/01/2022 07:51,28,471,1643367060.0,29.0,69
28/01/2022 07:52,28,472,1643367120.0,29.0,69
28/01/2022 07:53,28,473,1643367180.0,29.0,69
28/01/2022 07:54,28,474,1643367240.0,29.0,69
28/01/2022 07:55,28,475,1643367300.0,29.0,69
28/01/2022 07:56,28,476,1643367360.0,29.0,69
28/01/2022 07:57,28,477,1643367420.0,29.0,69
28/01/2022 07:58,28,478,1643367480.0,29.0,69
28/01/2022 07:59,28,479,1643367540.0,29.0,69
28/01/2022 08:00,28,480,1643367600.0,29.0,69
28/01/2022 08:01,28,481,1643367660.0,29.0,69
28/01/2022 08:03,28,483,1643367780.0,29.0,69
28/01/2022 08:04,28,484,1643367840.0,29.0,69
28/01/2022 08:05,28,485,1643367900.0,29.0,69
28/01/2022 08:06,28,486,1643367960.0,29.0,69
28/01/2022 08:07,28,487,1643368020.0,29.0,69
28/01/2022 08:08,28,488,1643368080.0,29.0,69
28/01/2022 08:09,28,489,1643368140.0,29.0,69
28/01/2022 08:10,28,490,1643368200.0,29.0,69
28/01/2022 08:11,28,491,1643368260.0,29.0,69
28/01/2022 08:12,28,492,1643368320.0,29.0,69
28/01/2022 08:13,28,493,1643368380.0,29.0,69
28/01/2022 08:14,28,494,1643368440.0,29.0,69
28/01/2022 08:15,28,495,1643368500.0,29.0,69
28/01/2022 08:16,28,496,1643368560.0,29.0,69
28/01/2022 08:17,28,497,1643368620.0,29.0,68
28/01/2022 08:18,28,498,1643368680.0,29.0,69
28/01/2022 08:19,28,499,1643368740.0,29.0,69
28/01/2022 08:20,28,500,1643368800.0,29.0,69
28/01/2022 08:21,28,501,1643368860.0,29.0,69
28/01/2022 08:22,28,502,1643368920.0,30.0,69
28/01/2022 08:23,28,503,1643368980.0,29.0,68
28/01/2022 08:24,28,504,1643369040.0,29.0,69
28/01/2022 08:25,28,505,1643369100.0,29.0,68
28/01/2022 08:26,28,506,1643369160.0,29.0,68
28/01/2022 08:27,28,507,1643369220.0,29.0,68
28/01/2022 08:28,28,508,1643369280.0,29.0,68
28/01/2022 08:29,28,509,1643369340.0,29.0,68
28/01/2022 08:30,28,510,1643369400.0,29.0,69
28/01/2022 08:31,28,511,1643369460.0,29.0,68
28/01/2022 08:32,28,512,1643369520.0,29.0,68
28/01/2022 08:33,28,513,1643369580.0,29.0,69
28/01/2022 08:34,28,514,1643369640.0,30.0,68
28/01/2022 08:35,28,515,1643369700.0,29.0,68
28/01/2022 08:36,28,516,1643369760.0,29.0,69
28/01/2022 08:37,28,517,1643369820.0,29.0,69
28/01/2022 08:38,28,518,1643369880.0,29.0,68
28/01/2022 08:40,28,520,1643370000.0,29.0,68
28/01/2022 08:41,28,521,1643370060.0,29.0,68
28/01/2022 08:42,28,522,1643370120.0,29.0,69
28/01/2022 08:43,28,523,1643370180.0,29.0,68
28/01/2022 08:44,28,524,1643370240.0,29.0,69
28/01/2022 08:45,28,525,1643370300.0,29.0,69
28/01/2022 08:46,28,526,1643370360.0,29.0,68
28/01/2022 08:47,28,527,1643370420.0,29.0,69
28/01/2022 08:48,28,528,1643370480.0,29.0,69
28/01/2022 08:49,28,529,1643370540.0,29.0,69
28/01/2022 08:50,28,530,1643370600.0,29.0,69
28/01/2022 08:51,28,531,1643370660.0,29.0,69
28/01/2022 08:52,28,532,1643370720.0,29.0,69
28/01/2022 08:53,28,533,1643370780.0,29.0,69
28/01/2022 08:54,28,534,1643370840.0,29.0,69
28/01/2022 08:55,28,535,1643370900.0,29.0,69
28/01/2022 08:56,28,536,1643370960.0,29.0,69
28/01/2022 08:57,28,537,1643371020.0,29.0,69
28/01/2022 08:58,28,538,1643371080.0,29.0,69
28/01/2022 08:59,28,539,1643371140.0,29.0,69
28/01/2022 09:00,28,540,1643371200.0,29.0,69
28/01/2022 09:01,28,541,1643371260.0,30.0,69
28/01/2022 09:02,28,542,1643371320.0,30.0,69
28/01/2022 09:03,28,543,1643371380.0,29.0,69
28/01/2022 09:04,28,544,1643371440.0,30.0,68
28/01/2022 09:05,28,545,1643371500.0,30.0,68
28/01/2022 09:06,28,546,1643371560.0,30.0,68
28/01/2022 09:07,28,547,1643371620.0,30.0,68
28/01/2022 09:08,28,548,1643371680.0,30.0,68
28/01/2022 09:09,28,549,1643371740.0,30.0,68
28/01/2022 09:10,28,550,1643371800.0,29.0,68
28/01/2022 09:11,28,551,1643371860.0,30.0,69
28/01/2022 09:12,28,552,1643371920.0,30.0,69
28/01/2022 09:13,28,553,1643371980.0,30.0,69
28/01/2022 09:14,28,554,1643372040.0,30.0,69
28/01/2022 09:15,28,555,1643372100.0,30.0,69
28/01/2022 09:16,28,556,1643372160.0,30.0,69
28/01/2022 09:18,28,558,1643372280.0,30.0,69
28/01/2022 09:19,28,559,1643372340.0,30.0,69
28/01/2022 09:20,28,560,1643372400.0,30.0,69
28/01/2022 09:21,28,561,1643372460.0,29.0,69
28/01/2022 09:22,28,562,1643372520.0,30.0,70
28/01/2022 09:23,28,563,1643372580.0,30.0,70
28/01/2022 09:24,28,564,1643372640.0,29.0,70
28/01/2022 09:25,28,565,1643372700.0,30.0,70
28/01/2022 09:26,28,566,1643372760.0,30.0,70
28/01/2022 09:27,28,567,1643372820.0,30.0,70
28/01/2022 09:28,28,568,1643372880.0,30.0,70
28/01/2022 09:29,28,569,1643372940.0,30.0,70
28/01/2022 09:30,28,570,1643373000.0,30.0,71
28/01/2022 09:31,28,571,1643373060.0,30.0,70
28/01/2022 09:32,28,572,1643373120.0,30.0,70
28/01/2022 09:33,28,573,1643373180.0,30.0,70
28/01/2022 09:34,28,574,1643373240.0,30.0,70
28/01/2022 09:35,28,575,1643373300.0,30.0,70
28/01/2022 09:36,28,576,1643373360.0,30.0,70
28/01/2022 09:37,28,577,1643373420.0,30.0,70
28/01/2022 09:38,28,578,1643373480.0,30.0,70
28/01/2022 09:39,28,579,1643373540.0,30.0,70
28/01/2022 09:40,28,580,1643373600.0,30.0,69
28/01/2022 09:41,28,581,1643373660.0,30.0,69
28/01/2022 09:42,28,582,1643373720.0,30.0,69
28/01/2022 09:43,28,583,1643373780.0,30.0,69
28/01/2022 09:44,28,584,1643373840.0,30.0,68
28/01/2022 09:45,28,585,1643373900.0,30.0,67
28/01/2022 09:46,28,586,1643373960.0,30.0,67
28/01/2022 09:47,28,587,1643374020.0,30.0,67
28/01/2022 09:48,28,588,1643374080.0,30.0,67
28/01/2022 09:49,28,589,1643374140.0,30.0,66
28/01/2022 09:50,28,590,1643374200.0,30.0,65
28/01/2022 09:51,28,591,1643374260.0,30.0,65
28/01/2022 09:52,28,592,1643374320.0,30.0,65
28/01/2022 09:53,28,593,1643374380.0,30.0,65
28/01/2022 09:54,28,594,1643374440.0,30.0,65
28/01/2022 09:56,28,596,1643374560.0,30.0,65
28/01/2022 09:57,28,597,1643374620.0,30.0,64
28/01/2022 09:58,28,598,1643374680.0,30.0,65
28/01/2022 09:59,28,599,1643374740.0,30.0,64
28/01/2022 10:00,28,600,1643374800.0,30.0,64
28/01/2022 10:01,28,601,1643374860.0,30.0,64
28/01/2022 10:02,28,602,1643374920.0,29.0,64
28/01/2022 10:03,28,603,1643374980.0,30.0,64
28/01/2022 10:04,28,604,1643375040.0,30.0,64
28/01/2022 10:05,28,605,1643375100.0,30.0,64
28/01/2022 10:06,28,606,1643375160.0,30.0,64
28/01/2022 10:07,28,607,1643375220.0,30.0,65
28/01/2022 10:08,28,608,1643375280.0,30.0,64
28/01/2022 10:09,28,609,1643375340.0,30.0,65
28/01/2022 10:10,28,610,1643375400.0,30.0,65
28/01/2022 10:11,28,611,1643375460.0,30.0,64
28/01/2022 10:12,28,612,1643375520.0,30.0,64
28/01/2022 10:13,28,613,1643375580.0,30.0,65
28/01/2022 10:14,28,614,1643375640.0,30.0,65
28/01/2022 10:15,28,615,1643375700.0,30.0,65
28/01/2022 10:16,28,616,1643375760.0,30.0,65
28/01/2022 10:17,28,617,1643375820.0,30.0,65
28/01/2022 10:18,28,618,1643375880.0,30.0,65
28/01/2022 10:19,28,619,1643375940.0,30.0,65
28/01/2022 10:20,28,620,1643376000.0,30.0,65
28/01/2022 10:21,28,621,1643376060.0,30.0,64
28/01/2022 10:22,28,622,1643376120.0,30.0,65
28/01/2022 10:23,28,623,1643376180.0,30.0,65
28/01/2022 10:24,28,624,1643376240.0,30.0,65
28/01/2022 10:25,28,625,1643376300.0,30.0,64
28/01/2022 10:26,28,626,1643376360.0,30.0,64
28/01/2022 10:27,28,627,1643376420.0,30.0,64
28/01/2022 10:28,28,628,1643376480.0,30.0,64
28/01/2022 10:29,28,629,1643376540.0,30.0,64
28/01/2022 10:30,28,630,1643376600.0,30.0,64
28/01/2022 10:31,28,631,1643376660.0,30.0,64
28/01/2022 10:33,28,633,1643376780.0,30.0,65
28/01/2022 10:34,28,634,1643376840.0,30.0,64
28/01/2022 10:35,28,635,1643376900.0,30.0,64
28/01/2022 10:36,28,636,1643376960.0,30.0,64
28/01/2022 10:37,28,637,1643377020.0,30.0,64
28/01/2022 10:38,28,638,1643377080.0,30.0,64
28/01/2022 10:39,28,639,1643377140.0,30.0,64
28/01/2022 10:40,28,640,1643377200.0,30.0,64
28/01/2022 10:41,28,641,1643377260.0,30.0,64
28/01/2022 10:42,28,642,1643377320.0,30.0,64
28/01/2022 10:43,28,643,1643377380.0,30.0,64
28/01/2022 10:44,28,644,1643377440.0,30.0,64
28/01/2022 10:45,28,645,1643377500.0,30.0,64
28/01/2022 10:46,28,646,1643377560.0,30.0,64
28/01/2022 10:47,28,647,1643377620.0,30.0,64
28/01/2022 10:48,28,648,1643377680.0,30.0,65
28/01/2022 10:49,28,649,1643377740.0,30.0,64
28/01/2022 10:50,28,650,1643377800.0,30.0,64
28/01/2022 10:51,28,651,1643377860.0,30.0,64
28/01/2022 10:52,28,652,1643377920.0,30.0,65
28/01/2022 10:53,28,653,1643377980.0,30.0,65
28/01/2022 10:54,28,654,1643378040.0,30.0,66
28/01/2022 10:55,28,655,1643378100.0,30.0,66
28/01/2022 10:56,28,656,1643378160.0,30.0,66
28/01/2022 10:57,28,657,1643378220.0,30.0,66
28/01/2022 10:58,28,658,1643378280.0,30.0,66
28/01/2022 10:59,28,659,1643378340.0,30.0,66
28/01/2022 11:00,28,660,1643378400.0,30.0,66
28/01/2022 11:01,28,661,1643378460.0,29.0,66
28/01/2022 11:02,28,662,1643378520.0,30.0,66
28/01/2022 11:03,28,663,1643378580.0,30.0,66
28/01/2022 11:04,28,664,1643378640.0,30.0,66
28/01/2022 11:05,28,665,1643378700.0,30.0,66
28/01/2022 11:06,28,666,1643378760.0,30.0,66
28/01/2022 11:07,28,667,1643378820.0,30.0,66
28/01/2022 11:08,28,668,1643378880.0,30.0,66
28/01/2022 11:09,28,669,1643378940.0,30.0,66
28/01/2022 11:11,28,671,1643379060.0,30.0,66
28/01/2022 11:12,28,672,1643379120.0,30.0,66
28/01/2022 11:13,28,673,1643379180.0,30.0,66
28/01/2022 11:14,28,674,1643379240.0,30.0,66
28/01/2022 11:15,28,675,1643379300.0,30.0,66
28/01/2022 11:16,28,676,1643379360.0,30.0,66
28/01/2022 11:17,28,677,1643379420.0,30.0,66
28/01/2022 11:18,28,678,1643379480.0,30.0,66
28/01/2022 11:19,28,679,1643379540.0,30.0,66
28/01/2022 11:20,28,680,1643379600.0,30.0,66
28/01/2022 11:21,28,681,1643379660.0,30.0,66
28/01/2022 11:22,28,682,1643379720.0,30.0,66
28/01/2022 11:23,28,683,1643379780.0,30.0,66
28/01/2022 11:24,28,684,1643379840.0,30.0,65
28/01/2022 11:25,28,685,1643379900.0,30.0,65
28/01/2022 11:26,28,686,1643379960.0,30.0,65
28/01/2022 11:27,28,687,1643380020.0,29.0,65
28/01/2022 11:28,28,688,1643380080.0,30.0,66
28/01/2022 11:29,28,689,1643380140.0,30.0,66
28/01/2022 11:30,28,690,1643380200.0,30.0,65
28/01/2022 11:31,28,691,1643380260.0,30.0,66
28/01/2022 11:32,28,692,1643380320.0,29.0,66
28/01/2022 11:33,28,693,1643380380.0,30.0,66
28/01/2022 11:34,28,694,1643380440.0,30.0,66
28/01/2022 11:35,28,695,1643380500.0,30.0,66
28/01/2022 11:36,28,696,1643380560.0,30.0,66
28/01/2022 11:37,28,697,1643380620.0,30.0,66
28/01/2022 11:38,28,698,1643380680.0,30.0,66
28/01/2022 11:39,28,699,1643380740.0,30.0,66
28/01/2022 11:40,28,700,1643380800.0,30.0,67
28/01/2022 11:41,28,701,1643380860.0,30.0,66
28/01/2022 11:42,28,702,1643380920.0,30.0,66
28/01/2022 11:43,28,703,1643380980.0,30.0,67
28/01/2022 11:44,28,704,1643381040.0,30.0,66
28/01/2022 11:45,28,705,1643381100.0,30.0,66
28/01/2022 11:47,28,707,1643381220.0,30.0,67
28/01/2022 11:48,28,708,1643381280.0,30.0,66
28/01/2022 11:49,28,709,1643381340.0,30.0,66
28/01/2022 11:50,28,710,1643381400.0,30.0,66
28/01/2022 11:51,28,711,1643381460.0,30.0,66
28/01/2022 11:52,28,712,1643381520.0,30.0,66
28/01/2022 11:53,28,713,1643381580.0,30.0,66
28/01/2022 11:54,28,714,1643381640.0,29.0,66
28/01/2022 11:55,28,715,1643381700.0,30.0,66
28/01/2022 11:56,28,716,1643381760.0,30.0,66
28/01/2022 11:57,28,717,1643381820.0,30.0,66
28/01/2022 11:58,28,718,1643381880.0,30.0,66
28/01/2022 11:59,28,719,1643381940.0,30.0,65
28/01/2022 12:00,28,720,1643382000.0,30.0,66
28/01/2022 12:01,28,721,1643382060.0,30.0,66
28/01/2022 12:02,28,722,1643382120.0,30.0,66
28/01/2022 12:03,28,723,1643382180.0,30.0,66
28/01/2022 12:04,28,724,1643382240.0,30.0,66
28/01/2022 12:05,28,725,1643382300.0,30.0,66
28/01/2022 12:06,28,726,1643382360.0,30.0,66
28/01/2022 12:07,28,727,1643382420.0,30.0,66
28/01/2022 12:08,28,728,1643382480.0,29.0,66
28/01/2022 12:09,28,729,1643382540.0,30.0,66
28/01/2022 12:10,28,730,1643382600.0,30.0,66
28/01/2022 12:11,28,731,1643382660.0,30.0,66
28/01/2022 12:12,28,732,1643382720.0,30.0,66
28/01/2022 12:13,28,733,1643382780.0,29.0,66
28/01/2022 12:14,28,734,1643382840.0,29.0,66
28/01/2022 12:15,28,735,1643382900.0,30.0,66
28/01/2022 12:16,28,736,1643382960.0,30.0,67
28/01/2022 12:17,28,737,1643383020.0,29.0,67
28/01/2022 12:18,28,738,1643383080.0,30.0,67
28/01/2022 12:19,28,739,1643383140.0,30.0,67
28/01/2022 12:20,28,740,1643383200.0,29.0,67
28/01/2022 12:21,28,741,1643383260.0,29.0,67
28/01/2022 12:22,28,742,1643383320.0,30.0,67
28/01/2022 12:23,28,743,1643383380.0,30.0,67
28/01/2022 12:25,28,745,1643383500.0,30.0,67
28/01/2022 12:26,28,746,1643383560.0,30.0,67