measurement_date,actual_temp,predicted_temp,predicted_temp_floor,actual_humidity,predicted_humidity
08/02/2022 16:05,30.0,29.19,55,69.63
08/02/2022 16:06,30.0,29.19,55,69.63
08/02/2022 16:07,30.0,29.19,57,69.63
08/02/2022 16:08,30.0,29.19,57,69.63
08/02/2022 16:09,30.0,29.19,57,69.63
08/02/2022 16:10,30.0,29.19,57,69.63
08/02/2022 16:11,31.0,29.19,58,69.63
08/02/2022 16:12,31.0,29.19,58,69.63
08/02/2022 16:13,31.0,29.19,58,69.63
08/02/2022 16:14,30.0,29.19,57,69.63
08/02/2022 16:15,31.0,29.19,59,69.63
08/02/2022 16:16,31.0,29.19,58,69.63
08/02/2022 16:17,30.0,29.19,57,69.63
08/02/2022 16:19,30.0,29.19,57,69.63
08/02/2022 16:20,31.0,29.19,58,69.63
08/02/2022 16:21,31.0,29.19,58,69.63
08/02/2022 16:22,31.0,29.19,58,69.63
08/02/2022 16:23,31.0,29.19,58,69.63
08/02/2022 16:24,31.0,29.19,58,69.63
08/02/2022 16:25,31.0,29.19,57,69.63
08/02/2022 16:26,31.0,29.19,57,69.63
08/02/2022 16:27,30.0,29.19,57,69.63
08/02/2022 16:28,31.0,29.19,58,69.63
08/02/2022 16:29,31.0,29.19,58,69.63
08/02/2022 16:30,30.0,29.19,57,69.63
08/02/2022 16:31,31.0,29.19,58,69.63
08/02/2022 16:32,31.0,29.19,58,69.63
08/02/2022 16:33,30.0,29.19,57,69.63
08/02/2022 16:34,31.0,29.25,58,69.52
08/02/2022 16:35,31.0,29.25,58,69.52
08/02/2022 16:36,31.0,29.25,58,69.52
08/02/2022 16:37,31.0,29.25,58,69.52
08/02/2022 16:38,31.0,29.25,58,69.52
08/02/2022 16:39,31.0,29.25,58,69.52
08/02/2022 16:40,31.0,29.25,58,69.52
08/02/2022 16:41,31.0,29.25,59,69.52
08/02/2022 16:42,31.0,29.25,59,69.52
08/02/2022 16:43,31.0,29.25,59,69.52
08/02/2022 16:44,31.0,29.25,59,69.52
08/02/2022 16:45,31.0,29.25,59,69.52
08/02/2022 16:47,31.0,29.25,59,69.52
08/02/2022 16:48,30.0,29.25,58,69.52
08/02/2022 16:49,31.0,29.25,59,69.52
08/02/2022 16:50,30.0,29.25,58,69.52
08/02/2022 16:51,30.0,29.25,58,69.52
08/02/2022 16:52,31.0,29.25,59,69.52
08/02/2022 16:53,31.0,29.25,59,69.52
08/02/2022 16:54,31.0,29.25,60,69.52
08/02/2022 16:55,31.0,29.25,60,69.52
08/02/2022 16:56,30.0,29.25,59,69.52
08/02/2022 16:57,31.0,29.25,60,69.52
08/02/2022 16:58,31.0,29.25,60,69.52
08/02/2022 16:59,31.0,29.25,60,69.52
08/02/2022 17:00,31.0,29.25,59,69.52
08/02/2022 17:01,31.0,29.25,60,69.52
08/02/2022 17:02,31.0,29.25,60,69.52
08/02/2022 17:03,30.0,29.25,59,69.52
08/02/2022 17:04,30.0,29.37,59,69.32
08/02/2022 17:05,30.0,29.37,59,69.32
08/02/2022 17:06,30.0,29.37,59,69.32
08/02/2022 17:07,31.0,29.37,60,69.32
08/02/2022 17:08,30.0,29.37,59,69.32
08/02/2022 17:09,30.0,29.37,60,69.32
08/02/2022 17:10,30.0,29.37,60,69.32
08/02/2022 17:11,30.0,29.37,60,69.32
08/02/2022 17:13,31.0,29.37,61,69.32
08/02/2022 17:14,30.0,29.37,59,69.32
08/02/2022 17:15,31.0,29.37,61,69.32
08/02/2022 17:16,30.0,29.37,60,69.32
08/02/2022 17:17,30.0,29.37,60,69.32
08/02/2022 17:18,31.0,29.37,61,69.32
08/02/2022 17:19,30.0,29.37,60,69.32
08/02/2022 17:20,30.0,29.37,60,69.32
08/02/2022 17:21,30.0,29.37,60,69.32
08/02/2022 17:22,30.0,29.37,60,69.32
08/02/2022 17:23,31.0,29.37,61,69.32
08/02/2022 17:24,30.0,29.37,60,69.32
08/02/2022 17:25,31.0,29.37,61,69.32
08/02/2022 17:26,30.0,29.37,60,69.32
08/02/2022 17:27,30.0,29.37,60,69.32
08/02/2022 17:28,30.0,29.37,60,69.32
08/02/2022 17:29,30.0,29.37,60,69.32
08/02/2022 17:30,30.0,29.37,61,69.32
08/02/2022 17:31,30.0,29.37,61,69.32
08/02/2022 17:32,30.0,29.37,61,69.32
08/02/2022 17:33,30.0,29.37,61,69.32
08/02/2022 17:34,30.0,29.52,62,69.06
08/02/2022 17:35,30.0,29.52,62,69.06
08/02/2022 17:36,30.0,29.52,62,69.06
08/02/2022 17:37,30.0,29.52,62,69.06
08/02/2022 17:38,30.0,29.52,62,69.06
08/02/2022 17:39,30.0,29.52,63,69.06
08/02/2022 17:40,30.0,29.52,63,69.06
08/02/2022 17:42,30.0,29.52,62,69.06
08/02/2022 17:43,30.0,29.52,62,69.06
08/02/2022 17:44,30.0,29.52,62,69.06
08/02/2022 17:45,30.0,29.52,62,69.06
08/02/2022 17:46,30.0,29.52,62,69.06
08/02/2022 17:47,30.0,29.52,62,69.06
08/02/2022 17:48,30.0,29.52,61,69.06
08/02/2022 17:49,30.0,29.52,61,69.06
08/02/2022 17:50,30.0,29.52,61,69.06
08/02/2022 17:51,30.0,29.52,61,69.06
08/02/2022 17:52,30.0,29.52,60,69.06
08/02/2022 17:53,30.0,29.52,60,69.06
08/02/2022 17:54,30.0,29.52,60,69.06
08/02/2022 17:55,30.0,29.52,60,69.06
08/02/2022 17:56,30.0,29.52,60,69.06
08/02/2022 17:57,30.0,29.52,59,69.06
08/02/2022 17:58,30.0,29.52,60,69.06
08/02/2022 17:59,30.0,29.52,60,69.06
08/02/2022 18:00,30.0,29.52,60,69.06
08/02/2022 18:01,30.0,29.52,60,69.06
08/02/2022 18:02,30.0,29.52,60,69.06
08/02/2022 18:03,30.0,29.52,60,69.06
08/02/2022 18:04,30.0,29.67,60,68.77
08/02/2022 18:05,30.0,29.67,60,68.77
08/02/2022 18:06,30.0,29.67,60,68.77
08/02/2022 18:07,30.0,29.67,59,68.77
08/02/2022 18:08,30.0,29.67,59,68.77
08/02/2022 18:09,31.0,29.67,60,68.77
08/02/2022 18:11,30.0,29.67,59,68.77
08/02/2022 18:12,30.0,29.67,60,68.77
08/02/2022 18:13,30.0,29.67,59,68.77
08/02/2022 18:14,30.0,29.67,60,68.77
08/02/2022 18:15,30.0,29.67,60,68.77
08/02/2022 18:16,30.0,29.67,60,68.77
08/02/2022 18:17,30.0,29.67,60,68.77
08/02/2022 18:18,30.0,29.67,60,68.77
08/02/2022 18:19,30.0,29.67,60,68.77
08/02/2022 18:20,31.0,29.67,61,68.77
08/02/2022 18:21,30.0,29.67,60,68.77
08/02/2022 18:22,30.0,29.67,60,68.77
08/02/2022 18:23,30.0,29.67,60,68.77
08/02/2022 18:24,30.0,29.67,60,68.77
08/02/2022 18:25,30.0,29.67,61,68.77
08/02/2022 18:26,30.0,29.67,60,68.77
08/02/2022 18:27,30.0,29.67,61,68.77
08/02/2022 18:28,30.0,29.67,60,68.77
08/02/2022 18:29,30.0,29.67,60,68.77
08/02/2022 18:30,30.0,29.67,60,68.77
08/02/2022 18:31,30.0,29.67,60,68.77
08/02/2022 18:32,30.0,29.67,60,68.77
08/02/2022 18:33,30.0,29.67,61,68.77
08/02/2022 18:34,30.0,29.82,61,68.43
08/02/2022 18:35,30.0,29.82,61,68.43
08/02/2022 18:36,30.0,29.82,61,68.43
08/02/2022 18:37,30.0,29.82,60,68.43
08/02/2022 18:38,30.0,29.82,60,68.43
08/02/2022 18:40,30.0,29.82,60,68.43
08/02/2022 18:41,30.0,29.82,59,68.43
08/02/2022 18:42,30.0,29.82,59,68.43
08/02/2022 18:43,30.0,29.82,59,68.43
08/02/2022 18:44,30.0,29.82,59,68.43
08/02/2022 18:45,30.0,29.82,59,68.43
08/02/2022 18:46,30.0,29.82,59,68.43
08/02/2022 18:47,30.0,29.82,59,68.43
08/02/2022 18:48,30.0,29.82,59,68.43
08/02/2022 18:49,30.0,29.82,59,68.43
08/02/2022 18:50,30.0,29.82,60,68.43
08/02/2022 18:51,30.0,29.82,59,68.43
08/02/2022 18:52,30.0,29.82,60,68.43
08/02/2022 18:53,30.0,29.82,59,68.43
08/02/2022 18:54,30.0,29.82,59,68.43
08/02/2022 18:55,31.0,29.82,60,68.43
08/02/2022 18:56,30.0,29.82,60,68.43
08/02/2022 18:57,30.0,29.82,59,68.43
08/02/2022 18:58,30.0,29.82,60,68.43
08/02/2022 18:59,30.0,29.82,60,68.43
08/02/2022 19:00,30.0,29.82,60,68.43
08/02/2022 19:01,30.0,29.82,60,68.43
08/02/2022 19:02,30.0,29.82,60,68.43
08/02/2022 19:03,30.0,29.82,60,68.43
08/02/2022 19:04,30.0,29.97,60,68.06
08/02/2022 19:05,30.0,29.97,60,68.06
08/02/2022 19:06,30.0,29.97,60,68.06
08/02/2022 19:08,30.0,29.97,60,68.06
08/02/2022 19:09,30.0,29.97,60,68.06
08/02/2022 19:10,30.0,29.97,60,68.06
08/02/2022 19:11,30.0,29.97,60,68.06
08/02/2022 19:12,30.0,29.97,60,68.06
08/02/2022 19:13,30.0,29.97,60,68.06
08/02/2022 19:14,30.0,29.97,60,68.06
08/02/2022 19:15,30.0,29.97,60,68.06
08/02/2022 19:16,30.0,29.97,60,68.06
08/02/2022 19:17,30.0,29.97,60,68.06
08/02/2022 19:18,30.0,29.97,61,68.06
08/02/2022 19:19,30.0,29.97,60,68.06
08/02/2022 19:20,30.0,29.97,60,68.06
08/02/2022 19:21,30.0,29.97,61,68.06
08/02/2022 19:22,30.0,29.97,60,68.06
08/02/2022 19:23,30.0,29.97,60,68.06
08/02/2022 19:24,30.0,29.97,61,68.06
08/02/2022 19:25,30.0,29.97,60,68.06
08/02/2022 19:26,30.0,29.97,61,68.06
08/02/2022 19:27,30.0,29.97,60,68.06
08/02/2022 19:28,30.0,29.97,61,68.06
08/02/2022 19:29,30.0,29.97,61,68.06
08/02/2022 19:30,30.0,29.97,61,68.06
08/02/2022 19:31,30.0,29.97,61,68.06
08/02/2022 19:32,30.0,29.97,61,68.06
08/02/2022 19:33,30.0,29.97,61,68.06
08/02/2022 19:34,30.0,30.1,61,67.66
08/02/2022 19:35,30.0,30.1,62,67.66
08/02/2022 19:37,30.0,30.1,62,67.66
08/02/2022 19:38,30.0,30.1,61,67.66
08/02/2022 19:39,30.0,30.1,62,67.66
08/02/2022 19:40,30.0,30.1,62,67.66
08/02/2022 19:41,30.0,30.1,62,67.66
08/02/2022 19:42,30.0,30.1,63,67.66
08/02/2022 19:43,30.0,30.1,63,67.66
08/02/2022 19:44,30.0,30.1,63,67.66
08/02/2022 19:45,30.0,30.1,63,67.66
08/02/2022 19:46,30.0,30.1,63,67.66
08/02/2022 19:47,30.0,30.1,64,67.66
08/02/2022 19:48,30.0,30.1,64,67.66
08/02/2022 19:49,30.0,30.1,64,67.66
08/02/2022 19:50,30.0,30.1,64,67.66
08/02/2022 19:51,30.0,30.1,64,67.66
08/02/2022 19:52,30.0,30.1,63,67.66
08/02/2022 19:53,30.0,30.1,63,67.66
08/02/2022 19:54,30.0,30.1,63,67.66
08/02/2022 19:55,30.0,30.1,63,67.66
08/02/2022 19:56,30.0,30.1,63,67.66
08/02/2022 19:57,31.0,30.1,64,67.66
08/02/2022 19:58,30.0,30.1,62,67.66
08/02/2022 19:59,30.0,30.1,63,67.66
08/02/2022 20:00,30.0,30.1,63,67.66
08/02/2022 20:01,30.0,30.1,63,67.66
08/02/2022 20:02,30.0,30.1,62,67.66
08/02/2022 20:03,30.0,30.1,63,67.66
08/02/2022 20:04,30.0,30.22,62,67.27
08/02/2022 20:06,30.0,30.22,62,67.27
08/02/2022 20:07,30.0,30.22,62,67.27
08/02/2022 20:08,30.0,30.22,62,67.27
08/02/2022 20:09,30.0,30.22,61,67.27
08/02/2022 20:10,30.0,30.22,61,67.27
08/02/2022 20:11,30.0,30.22,61,67.27
08/02/2022 20:12,30.0,30.22,62,67.27
08/02/2022 20:13,30.0,30.22,61,67.27
08/02/2022 20:14,30.0,30.22,62,67.27
08/02/2022 20:15,30.0,30.22,61,67.27
08/02/2022 20:16,30.0,30.22,61,67.27
08/02/2022 20:17,30.0,30.22,61,67.27
08/02/2022 20:18,30.0,30.22,62,67.27
08/02/2022 20:19,30.0,30.22,62,67.27
08/02/2022 20:20,30.0,30.22,62,67.27
08/02/2022 20:21,30.0,30.22,61,67.27
08/02/2022 20:22,30.0,30.22,61,67.27
08/02/2022 20:23,30.0,30.22,61,67.27
08/02/2022 20:24,30.0,30.22,61,67.27
08/02/2022 20:25,31.0,30.22,63,67.27
08/02/2022 20:26,30.0,30.22,62,67.27
08/02/2022 20:27,30.0,30.22,62,67.27
08/02/2022 20:28,30.0,30.22,62,67.27
08/02/2022 20:29,30.0,30.22,62,67.27
08/02/2022 20:30,30.0,30.22,62,67.27
08/02/2022 20:31,30.0,30.22,62,67.27
08/02/2022 20:32,30.0,30.22,62,67.27
08/02/2022 20:33,30.0,30.22,61,67.27
08/02/2022 20:35,30.0,30.32,62,66.87
08/02/2022 20:36,30.0,30.32,61,66.87
08/02/2022 20:37,30.0,30.32,61,66.87
08/02/2022 20:38,31.0,30.32,62,66.87
08/02/2022 20:39,30.0,30.32,62,66.87
08/02/2022 20:40,30.0,30.32,62,66.87
08/02/2022 20:41,30.0,30.32,61,66.87
08/02/2022 20:42,30.0,30.32,61,66.87
08/02/2022 20:43,30.0,30.32,61,66.87
08/02/2022 20:44,30.0,30.32,61,66.87
08/02/2022 20:45,30.0,30.32,61,66.87
08/02/2022 20:46,30.0,30.32,61,66.87
08/02/2022 20:47,30.0,30.32,62,66.87
08/02/2022 20:48,30.0,30.32,62,66.87
08/02/2022 20:49,30.0,30.32,62,66.87
08/02/2022 20:50,30.0,30.32,62,66.87
08/02/2022 20:51,30.0,30.32,61,66.87
08/02/2022 20:52,30.0,30.32,62,66.87
08/02/2022 20:53,30.0,30.32,62,66.87
08/02/2022 20:54,30.0,30.32,62,66.87
08/02/2022 20:55,30.0,30.32,62,66.87
08/02/2022 20:56,30.0,30.32,62,66.87
08/02/2022 20:57,30.0,30.32,62,66.87
08/02/2022 20:58,30.0,30.32,62,66.87
08/02/2022 20:59,30.0,30.32,62,66.87
08/02/2022 21:00,30.0,30.32,61,66.87
08/02/2022 21:01,30.0,30.32,61,66.87
08/02/2022 21:03,30.0,30.32,61,66.87
08/02/2022 21:04,30.0,30.32,61,66.87
08/02/2022 21:05,30.0,30.39,61,66.47
08/02/2022 21:06,30.0,30.39,61,66.47
08/02/2022 21:07,30.0,30.39,61,66.47
08/02/2022 21:08,30.0,30.39,61,66.47
08/02/2022 21:09,30.0,30.39,61,66.47
08/02/2022 21:10,30.0,30.39,61,66.47
08/02/2022 21:11,30.0,30.39,62,66.47
08/02/2022 21:12,30.0,30.39,61,66.47
08/02/2022 21:13,30.0,30.39,61,66.47
08/02/2022 21:14,30.0,30.39,61,66.47
08/02/2022 21:15,30.0,30.39,61,66.47
08/02/2022 21:16,30.0,30.39,61,66.47
08/02/2022 21:17,30.0,30.39,61,66.47
08/02/2022 21:18,30.0,30.39,61,66.47
08/02/2022 21:19,30.0,30.39,61,66.47
08/02/2022 21:20,30.0,30.39,60,66.47
08/02/2022 21:21,30.0,30.39,61,66.47
08/02/2022 21:22,30.0,30.39,61,66.47
08/02/2022 21:23,30.0,30.39,60,66.47
08/02/2022 21:24,30.0,30.39,61,66.47
08/02/2022 21:25,30.0,30.39,60,66.47
08/02/2022 21:26,30.0,30.39,60,66.47
08/02/2022 21:27,30.0,30.39,60,66.47
08/02/2022 21:28,30.0,30.39,60,66.47
08/02/2022 21:29,30.0,30.39,60,66.47
08/02/2022 21:30,30.0,30.39,60,66.47
08/02/2022 21:32,30.0,30.39,61,66.47
08/02/2022 21:33,30.0,30.39,60,66.47
08/02/2022 21:34,30.0,30.39,61,66.47
08/02/2022 21:35,30.0,30.45,61,66.07
08/02/2022 21:36,30.0,30.45,61,66.07
08/02/2022 21:37,30.0,30.45,60,66.07
08/02/2022 21:38,30.0,30.45,61,66.07
08/02/2022 21:39,30.0,30.45,61,66.07
08/02/2022 21:40,30.0,30.45,60,66.07
08/02/2022 21:41,30.0,30.45,60,66.07
08/02/2022 21:42,30.0,30.45,60,66.07
08/02/2022 21:43,30.0,30.45,61,66.07
08/02/2022 21:44,30.0,30.45,61,66.07
08/02/2022 21:45,30.0,30.45,60,66.07
08/02/2022 21:46,30.0,30.45,61,66.07
08/02/2022 21:47,30.0,30.45,61,66.07
08/02/2022 21:48,30.0,30.45,61,66.07
08/02/2022 21:49,30.0,30.45,60,66.07
08/02/2022 21:50,30.0,30.45,61,66.07
08/02/2022 21:51,30.0,30.45,61,66.07
08/02/2022 21:52,30.0,30.45,61,66.07
08/02/2022 21:53,30.0,30.45,61,66.07
08/02/2022 21:55,30.0,30.45,61,66.07
08/02/2022 21:56,30.0,30.45,61,66.07
08/02/2022 21:57,30.0,30.45,61,66.07
08/02/2022 21:58,30.0,30.45,60,66.07
08/02/2022 21:59,30.0,30.45,61,66.07
08/02/2022 22:00,30.0,30.45,61,66.07
08/02/2022 22:01,30.0,30.45,61,66.07
08/02/2022 22:02,30.0,30.45,61,66.07
08/02/2022 22:03,30.0,30.45,61,66.07
08/02/2022 22:04,30.0,30.45,61,66.07
08/02/2022 22:05,30.0,30.47,61,65.66
08/02/2022 22:06,30.0,30.47,61,65.66
08/02/2022 22:07,30.0,30.47,61,65.66
08/02/2022 22:08,30.0,30.47,61,65.66
08/02/2022 22:09,30.0,30.47,61,65.66
08/02/2022 22:10,30.0,30.47,61,65.66
08/02/2022 22:11,30.0,30.47,61,65.66
08/02/2022 22:12,30.0,30.47,61,65.66
08/02/2022 22:13,30.0,30.47,61,65.66
08/02/2022 22:14,30.0,30.47,61,65.66
08/02/2022 22:15,30.0,30.47,61,65.66
08/02/2022 22:16,30.0,30.47,61,65.66
08/02/2022 22:17,30.0,30.47,61,65.66
08/02/2022 22:18,30.0,30.47,61,65.66
08/02/2022 22:19,30.0,30.47,61,65.66
08/02/2022 22:20,30.0,30.47,61,65.66
08/02/2022 22:21,30.0,30.47,61,65.66
08/02/2022 22:22,30.0,30.47,61,65.66
08/02/2022 22:24,30.0,30.47,60,65.66
08/02/2022 22:25,30.0,30.47,61,65.66
08/02/2022 22:26,30.0,30.47,61,65.66
08/02/2022 22:27,30.0,30.47,61,65.66
08/02/2022 22:28,30.0,30.47,61,65.66
08/02/2022 22:29,30.0,30.47,61,65.66
08/02/2022 22:30,30.0,30.47,61,65.66
08/02/2022 22:31,30.0,30.47,61,65.66
08/02/2022 22:32,30.0,30.47,61,65.66
08/02/2022 22:33,30.0,30.47,61,65.66
08/02/2022 22:34,30.0,30.47,61,65.66
08/02/2022 22:35,30.0,30.48,61,65.26
08/02/2022 22:36,30.0,30.48,61,65.26
08/02/2022 22:37,30.0,30.48,61,65.26
08/02/2022 22:38,30.0,30.48,61,65.26
08/02/2022 22:39,30.0,30.48,61,65.26
08/02/2022 22:40,30.0,30.48,61,65.26
08/02/2022 22:41,30.0,30.48,61,65.26
08/02/2022 22:42,30.0,30.48,61,65.26
08/02/2022 22:43,30.0,30.48,61,65.26
08/02/2022 22:44,30.0,30.48,61,65.26
08/02/2022 22:45,30.0,30.48,61,65.26
08/02/2022 22:46,30.0,30.48,62,65.26
08/02/2022 22:47,30.0,30.48,62,65.26
08/02/2022 22:48,30.0,30.48,61,65.26
08/02/2022 22:49,30.0,30.48,61,65.26
08/02/2022 22:50,30.0,30.48,61,65.26
08/02/2022 22:52,30.0,30.48,61,65.26
08/02/2022 22:53,30.0,30.48,61,65.26
08/02/2022 22:54,30.0,30.48,60,65.26
08/02/2022 22:55,30.0,30.48,61,65.26
08/02/2022 22:56,30.0,30.48,61,65.26
08/02/2022 22:57,30.0,30.48,61,65.26
08/02/2022 22:58,30.0,30.48,61,65.26
08/02/2022 22:59,30.0,30.48,61,65.26
08/02/2022 23:00,30.0,30.48,61,65.26
08/02/2022 23:01,30.0,30.48,61,65.26
08/02/2022 23:02,30.0,30.48,61,65.26
08/02/2022 23:03,30.0,30.48,61,65.26
08/02/2022 23:04,30.0,30.48,61,65.26
08/02/2022 23:05,30.0,30.46,61,64.87
08/02/2022 23:06,30.0,30.46,61,64.87
08/02/2022 23:07,30.0,30.46,60,64.87
08/02/2022 23:08,30.0,30.46,61,64.87
08/02/2022 23:09,30.0,30.46,60,64.87
08/02/2022 23:10,30.0,30.46,61,64.87
08/02/2022 23:11,30.0,30.46,61,64.87
08/02/2022 23:12,30.0,30.46,60,64.87
08/02/2022 23:13,30.0,30.46,61,64.87
08/02/2022 23:14,30.0,30.46,61,64.87
08/02/2022 23:15,30.0,30.46,61,64.87
08/02/2022 23:16,30.0,30.46,61,64.87
08/02/2022 23:17,31.0,30.46,62,64.87
08/02/2022 23:18,30.0,30.46,61,64.87
08/02/2022 23:19,31.0,30.46,62,64.87
08/02/2022 23:21,30.0,30.46,61,64.87
08/02/2022 23:22,30.0,30.46,61,64.87
08/02/2022 23:23,30.0,30.46,61,64.87
08/02/2022 23:24,30.0,30.46,61,64.87
08/02/2022 23:25,30.0,30.46,61,64.87
08/02/2022 23:26,30.0,30.46,61,64.87
08/02/2022 23:27,30.0,30.46,61,64.87
08/02/2022 23:28,30.0,30.46,61,64.87
08/02/2022 23:29,30.0,30.46,61,64.87
08/02/2022 23:30,30.0,30.46,61,64.87
08/02/2022 23:31,30.0,30.46,61,64.87
08/02/2022 23:32,30.0,30.46,61,64.87
08/02/2022 23:33,30.0,30.46,62,64.87
08/02/2022 23:34,30.0,30.43,62,64.48
08/02/2022 23:35,30.0,30.43,62,64.48
08/02/2022 23:36,30.0,30.43,62,64.48
08/02/2022 23:37,30.0,30.43,61,64.48
08/02/2022 23:38,30.0,30.43,62,64.48
08/02/2022 23:39,30.0,30.43,62,64.48
08/02/2022 23:40,30.0,30.43,62,64.48
08/02/2022 23:41,30.0,30.43,62,64.48
08/02/2022 23:42,30.0,30.43,62,64.48
08/02/2022 23:43,30.0,30.43,62,64.48
08/02/2022 23:44,30.0,30.43,62,64.48
08/02/2022 23:45,30.0,30.43,62,64.48
08/02/2022 23:46,30.0,30.43,62,64.48
08/02/2022 23:47,30.0,30.43,62,64.48
08/02/2022 23:49,30.0,30.43,61,64.48
08/02/2022 23:50,30.0,30.43,61,64.48
08/02/2022 23:51,30.0,30.43,61,64.48
08/02/2022 23:52,30.0,30.43,62,64.48
08/02/2022 23:53,30.0,30.43,61,64.48
08/02/2022 23:54,30.0,30.43,62,64.48
08/02/2022 23:55,30.0,30.43,62,64.48
08/02/2022 23:56,30.0,30.43,61,64.48
08/02/2022 23:57,30.0,30.43,61,64.48
08/02/2022 23:58,29.0,30.43,62,64.48
08/02/2022 23:59,30.0,30.43,62,64.48
09/02/2022 00:00,30.0,26.13,61,60.61
09/02/2022 00:01,30.0,27.97,62,62.19
09/02/2022 00:02,30.0,28.64,61,63.16
09/02/2022 00:03,30.0,28.93,62,63.81
09/02/2022 00:04,30.0,29.06,61,63.93
09/02/2022 00:05,30.0,29.17,61,64.3
09/02/2022 00:06,30.0,29.25,61,64.6
09/02/2022 00:07,30.0,29.33,60,64.87
09/02/2022 00:08,30.0,29.4,61,65.11
09/02/2022 00:09,30.0,29.46,61,65.32
09/02/2022 00:10,30.0,29.51,61,65.52
09/02/2022 00:11,30.0,29.56,61,65.7
09/02/2022 00:12,30.0,29.61,61,65.86
09/02/2022 00:13,30.0,29.66,61,66.01
09/02/2022 00:14,30.0,29.7,61,66.15
09/02/2022 00:15,30.0,29.74,61,66.27
09/02/2022 00:16,30.0,29.78,61,66.39
09/02/2022 00:18,30.0,29.85,61,66.59
09/02/2022 00:19,30.0,29.88,61,66.68
09/02/2022 00:20,30.0,29.91,61,66.76
09/02/2022 00:21,30.0,29.94,61,66.84
09/02/2022 00:22,30.0,29.96,60,66.9
09/02/2022 00:23,30.0,29.99,61,66.97
09/02/2022 00:24,30.0,30.01,61,67.02
09/02/2022 00:25,30.0,30.03,61,67.08
09/02/2022 00:26,30.0,30.05,61,67.12
09/02/2022 00:27,30.0,30.07,61,67.17
09/02/2022 00:28,30.0,30.09,61,67.2
09/02/2022 00:29,29.0,30.11,61,67.24
09/02/2022 00:30,30.0,30.13,61,67.27
09/02/2022 00:31,30.0,30.14,61,67.3
09/02/2022 00:32,30.0,30.16,61,67.32
09/02/2022 00:33,30.0,30.17,61,67.35
09/02/2022 00:34,30.0,30.16,61,66.98
09/02/2022 00:35,30.0,30.17,60,67.0
09/02/2022 00:36,30.0,30.18,61,67.02
09/02/2022 00:37,30.0,30.19,61,67.03
09/02/2022 00:38,30.0,30.2,61,67.04
09/02/2022 00:39,30.0,30.21,61,67.05
09/02/2022 00:40,30.0,30.22,61,67.06
09/02/2022 00:41,30.0,30.23,61,67.07
09/02/2022 00:42,30.0,30.24,61,67.07
09/02/2022 00:43,30.0,30.24,61,67.08
09/02/2022 00:44,30.0,30.25,61,67.08
09/02/2022 00:45,30.0,30.26,61,67.09
09/02/2022 00:47,30.0,30.27,61,67.09
09/02/2022 00:48,30.0,30.28,61,67.09
09/02/2022 00:49,30.0,30.28,61,67.09
09/02/2022 00:50,31.0,30.29,62,67.09
09/02/2022 00:51,30.0,30.29,61,67.09
09/02/2022 00:52,30.0,30.3,61,67.08
09/02/2022 00:53,30.0,30.3,61,67.08
09/02/2022 00:54,30.0,30.3,61,67.08
09/02/2022 00:55,30.0,30.31,61,67.07
09/02/2022 00:56,30.0,30.31,61,67.07
09/02/2022 00:57,30.0,30.31,61,67.06
09/02/2022 00:58,30.0,30.32,61,67.06
09/02/2022 00:59,30.0,30.32,61,67.05
09/02/2022 01:00,30.0,30.32,61,67.05
09/02/2022 01:01,30.0,30.32,62,67.04
09/02/2022 01:02,30.0,30.33,62,67.03
09/02/2022 01:03,30.0,30.33,62,67.03
09/02/2022 01:04,30.0,30.3,61,66.58
09/02/2022 01:05,30.0,30.3,62,66.57
09/02/2022 01:06,30.0,30.3,61,66.56
09/02/2022 01:07,30.0,30.31,62,66.55
09/02/2022 01:08,30.0,30.31,62,66.55
09/02/2022 01:09,30.0,30.31,62,66.54
09/02/2022 01:10,30.0,30.31,62,66.53
09/02/2022 01:11,30.0,30.31,62,66.52
09/02/2022 01:12,30.0,30.31,61,66.51
09/02/2022 01:13,30.0,30.31,61,66.5
09/02/2022 01:14,30.0,30.32,61,66.49
09/02/2022 01:16,30.0,30.32,61,66.47
09/02/2022 01:17,30.0,30.32,61,66.46
09/02/2022 01:18,30.0,30.32,61,66.45
09/02/2022 01:19,30.0,30.32,61,66.44
09/02/2022 01:20,30.0,30.32,61,66.43
09/02/2022 01:21,30.0,30.32,61,66.42
09/02/2022 01:22,30.0,30.32,61,66.41
09/02/2022 01:23,30.0,30.32,61,66.4
09/02/2022 01:24,30.0,30.32,61,66.39
09/02/2022 01:25,30.0,30.33,61,66.38
09/02/2022 01:26,30.0,30.33,61,66.37
09/02/2022 01:27,30.0,30.33,61,66.36
09/02/2022 01:28,30.0,30.33,61,66.35
09/02/2022 01:29,30.0,30.33,61,66.34
09/02/2022 01:30,30.0,30.33,61,66.33
09/02/2022 01:31,30.0,30.33,61,66.32
09/02/2022 01:32,30.0,30.33,61,66.3
09/02/2022 01:33,30.0,30.33,60,66.29
09/02/2022 01:34,30.0,30.29,61,65.72
09/02/2022 01:35,30.0,30.29,61,65.7
09/02/2022 01:36,30.0,30.29,61,65.69
09/02/2022 01:37,30.0,30.29,60,65.68
09/02/2022 01:38,30.0,30.29,61,65.66
09/02/2022 01:39,30.0,30.29,60,65.65
09/02/2022 01:40,30.0,30.29,60,65.64
09/02/2022 01:41,30.0,30.29,60,65.62
09/02/2022 01:42,30.0,30.29,61,65.61
09/02/2022 01:43,30.0,30.29,61,65.59
09/02/2022 01:45,30.0,30.29,61,65.57
09/02/2022 01:46,30.0,30.29,61,65.55
09/02/2022 01:47,30.0,30.29,61,65.54
09/02/2022 01:48,29.0,30.29,61,65.53
09/02/2022 01:49,30.0,30.29,60,65.51
09/02/2022 01:50,30.0,30.29,60,65.5
09/02/2022 01:51,30.0,30.29,61,65.48
09/02/2022 01:52,30.0,30.29,61,65.47
09/02/2022 01:53,30.0,30.29,60,65.45
09/02/2022 01:54,30.0,30.29,61,65.44
09/02/2022 01:55,30.0,30.29,61,65.43
09/02/2022 01:56,30.0,30.29,61,65.41
09/02/2022 01:57,30.0,30.29,61,65.4
09/02/2022 01:58,30.0,30.29,61,65.38
09/02/2022 01:59,30.0,30.29,61,65.37
09/02/2022 02:00,30.0,30.29,61,65.36
09/02/2022 02:01,30.0,30.29,61,65.34
09/02/2022 02:02,30.0,30.29,61,65.33
09/02/2022 02:03,30.0,30.29,61,65.31
09/02/2022 02:04,30.0,30.24,61,64.52
09/02/2022 02:05,30.0,30.24,61,64.5
09/02/2022 02:06,30.0,30.24,61,64.49
09/02/2022 02:07,30.0,30.24,61,64.47
09/02/2022 02:08,30.0,30.24,61,64.45
09/02/2022 02:09,30.0,30.24,61,64.43
09/02/2022 02:10,30.0,30.24,61,64.42
09/02/2022 02:11,30.0,30.24,61,64.4
09/02/2022 02:12,30.0,30.24,61,64.38
09/02/2022 02:14,30.0,30.24,60,64.35
09/02/2022 02:15,30.0,30.24,61,64.33
09/02/2022 02:16,30.0,30.24,60,64.31
09/02/2022 02:17,30.0,30.24,60,64.29
09/02/2022 02:18,30.0,30.24,60,64.28
09/02/2022 02:19,30.0,30.24,60,64.26
09/02/2022 02:20,30.0,30.24,60,64.24
09/02/2022 02:21,30.0,30.24,60,64.23
09/02/2022 02:22,30.0,30.24,61,64.21
09/02/2022 02:23,30.0,30.24,60,64.19
09/02/2022 02:24,30.0,30.24,61,64.17
09/02/2022 02:25,30.0,30.24,61,64.16
09/02/2022 02:26,30.0,30.24,60,64.14
09/02/2022 02:27,30.0,30.24,60,64.12
09/02/2022 02:28,30.0,30.24,60,64.11
09/02/2022 02:29,30.0,30.24,60,64.09
09/02/2022 02:30,30.0,30.24,60,64.07
09/02/2022 02:31,29.0,30.24,60,64.06
09/02/2022 02:32,30.0,30.24,60,64.04
09/02/2022 02:33,30.0,30.24,60,64.02
09/02/2022 02:34,30.0,30.18,60,63.14
09/02/2022 02:35,30.0,30.18,60,63.12
09/02/2022 02:36,30.0,30.18,60,63.11
09/02/2022 02:37,30.0,30.18,60,63.09
09/02/2022 02:38,30.0,30.18,60,63.08
09/02/2022 02:39,30.0,30.18,60,63.06
09/02/2022 02:40,30.0,30.18,60,63.05
09/02/2022 02:42,30.0,30.18,60,63.02
09/02/2022 02:43,30.0,30.18,60,63.01
09/02/2022 02:44,30.0,30.18,60,62.99
09/02/2022 02:45,30.0,30.18,61,62.98
09/02/2022 02:46,30.0,30.18,60,62.97
09/02/2022 02:47,30.0,30.18,60,62.95
09/02/2022 02:48,30.0,30.18,60,62.94
09/02/2022 02:49,30.0,30.18,60,62.93
09/02/2022 02:50,30.0,30.18,60,62.91
09/02/2022 02:51,30.0,30.18,60,62.9
09/02/2022 02:52,30.0,30.18,60,62.89
09/02/2022 02:53,30.0,30.18,60,62.88
09/02/2022 02:54,30.0,30.18,60,62.87
09/02/2022 02:55,30.0,30.18,60,62.85
09/02/2022 02:56,30.0,30.18,60,62.84
09/02/2022 02:57,30.0,30.18,60,62.83
09/02/2022 02:58,30.0,30.18,56,62.82
09/02/2022 02:59,30.0,30.18,60,62.81
09/02/2022 03:00,30.0,30.18,60,62.8
09/02/2022 03:01,30.0,30.18,59,62.79
09/02/2022 03:02,30.0,30.18,59,62.78
09/02/2022 03:03,30.0,30.18,59,62.77
09/02/2022 03:04,30.0,30.12,59,62.13
09/02/2022 03:05,30.0,30.12,59,62.12
09/02/2022 03:06,30.0,30.12,60,62.12
09/02/2022 03:07,30.0,30.12,60,62.11
09/02/2022 03:08,29.0,30.12,60,62.11
09/02/2022 03:09,30.0,30.12,59,62.1
09/02/2022 03:11,30.0,30.12,59,62.09
09/02/2022 03:12,30.0,30.12,59,62.08
09/02/2022 03:13,30.0,30.12,60,62.08
09/02/2022 03:14,30.0,30.12,59,62.07
09/02/2022 03:15,30.0,30.12,59,62.07
09/02/2022 03:16,30.0,30.12,59,62.06
09/02/2022 03:17,30.0,30.12,59,62.06
09/02/2022 03:18,30.0,30.12,60,62.06
09/02/2022 03:19,30.0,30.12,60,62.05
09/02/2022 03:20,30.0,30.12,60,62.05
09/02/2022 03:21,30.0,30.12,60,62.04
09/02/2022 03:22,30.0,30.12,60,62.04
09/02/2022 03:23,30.0,30.12,60,62.04
09/02/2022 03:24,30.0,30.12,60,62.03
09/02/2022 03:25,30.0,30.12,60,62.03
09/02/2022 03:26,30.0,30.12,60,62.02
09/02/2022 03:27,30.0,30.12,60,62.02
09/02/2022 03:28,30.0,30.12,60,62.02
09/02/2022 03:29,30.0,30.12,60,62.01
09/02/2022 03:30,30.0,30.12,60,62.01
09/02/2022 03:31,30.0,30.12,60,62.01
09/02/2022 03:32,30.0,30.12,60,62.0
09/02/2022 03:33,30.0,30.12,60,62.0
09/02/2022 03:34,30.0,30.06,60,61.6
09/02/2022 03:35,30.0,30.06,60,61.6
09/02/2022 03:36,30.0,30.06,60,61.59
09/02/2022 03:37,29.0,30.06,60,61.59
09/02/2022 03:38,30.0,30.06,60,61.59
09/02/2022 03:40,30.0,30.06,60,61.59
09/02/2022 03:41,30.0,30.06,61,61.59
09/02/2022 03:42,30.0,30.06,60,61.59
09/02/2022 03:43,30.0,30.06,61,61.59
09/02/2022 03:44,30.0,30.06,60,61.58
09/02/2022 03:45,30.0,30.06,61,61.58
09/02/2022 03:46,30.0,30.06,61,61.58
09/02/2022 03:47,30.0,30.06,61,61.58
09/02/2022 03:48,30.0,30.06,61,61.58
09/02/2022 03:49,30.0,30.06,61,61.58
09/02/2022 03:50,30.0,30.06,60,61.58
09/02/2022 03:51,30.0,30.06,61,61.58
09/02/2022 03:52,29.0,30.06,61,61.58
09/02/2022 03:53,30.0,30.06,61,61.58
09/02/2022 03:54,30.0,30.06,61,61.58
09/02/2022 03:55,30.0,30.06,60,61.58
09/02/2022 03:56,30.0,30.06,60,61.57
09/02/2022 03:57,30.0,30.06,61,61.57
09/02/2022 03:58,30.0,30.06,60,61.57
09/02/2022 03:59,30.0,30.06,60,61.57
09/02/2022 04:00,30.0,30.06,61,61.57
09/02/2022 04:01,30.0,30.06,61,61.57
09/02/2022 04:02,30.0,30.06,61,61.57
09/02/2022 04:03,30.0,30.06,61,61.57
09/02/2022 04:04,29.0,30.0,61,61.25
09/02/2022 04:05,30.0,30.0,60,61.25
09/02/2022 04:06,30.0,30.0,61,61.25
09/02/2022 04:07,30.0,30.0,61,61.25
09/02/2022 04:09,30.0,30.0,61,61.25
09/02/2022 04:10,30.0,30.0,61,61.24
09/02/2022 04:11,30.0,30.0,61,61.24
09/02/2022 04:12,30.0,30.0,61,61.24
09/02/2022 04:13,30.0,30.0,61,61.24
09/02/2022 04:14,30.0,30.0,61,61.24
09/02/2022 04:15,30.0,30.0,61,61.24
09/02/2022 04:16,30.0,30.0,60,61.24
09/02/2022 04:17,30.0,30.0,61,61.24
09/02/2022 04:18,30.0,30.0,60,61.24
09/02/2022 04:19,30.0,30.0,61,61.24
09/02/2022 04:20,29.0,30.0,61,61.24
09/02/2022 04:21,30.0,30.0,61,61.24
09/02/2022 04:22,30.0,30.0,61,61.24
09/02/2022 04:23,29.0,30.0,61,61.24
09/02/2022 04:24,30.0,30.0,61,61.24
09/02/2022 04:25,30.0,30.0,61,61.24
09/02/2022 04:26,30.0,30.0,61,61.24
09/02/2022 04:27,30.0,30.0,61,61.24
09/02/2022 04:28,30.0,30.0,61,61.24
09/02/2022 04:29,30.0,30.0,61,61.24
09/02/2022 04:30,30.0,30.0,61,61.24
09/02/2022 04:31,30.0,30.0,61,61.24
09/02/2022 04:32,30.0,30.0,60,61.24
09/02/2022 04:33,29.0,30.0,61,61.24
09/02/2022 04:34,30.0,29.94,61,60.96
09/02/2022 04:35,30.0,29.94,61,60.96
09/02/2022 04:36,30.0,29.94,61,60.95
09/02/2022 04:38,30.0,29.94,61,60.95
09/02/2022 04:39,30.0,29.94,61,60.95
09/02/2022 04:40,30.0,29.94,61,60.95
09/02/2022 04:41,29.0,29.94,61,60.95
09/02/2022 04:42,30.0,29.94,61,60.95
09/02/2022 04:43,30.0,29.94,61,60.95
09/02/2022 04:44,30.0,29.94,61,60.95
09/02/2022 04:45,30.0,29.94,61,60.95
09/02/2022 04:46,30.0,29.94,61,60.95
09/02/2022 04:47,30.0,29.94,61,60.95
09/02/2022 04:48,30.0,29.94,61,60.95
09/02/2022 04:49,30.0,29.94,61,60.95
09/02/2022 04:50,30.0,29.94,61,60.95
09/02/2022 04:51,30.0,29.94,61,60.95
09/02/2022 04:52,30.0,29.94,61,60.95
09/02/2022 04:53,30.0,29.94,61,60.95
09/02/2022 04:54,30.0,29.94,61,60.95
09/02/2022 04:55,30.0,29.94,61,60.95
09/02/2022 04:56,30.0,29.94,61,60.95
09/02/2022 04:57,30.0,29.94,61,60.95
09/02/2022 04:58,29.0,29.94,61,60.95
09/02/2022 04:59,30.0,29.94,61,60.95
09/02/2022 05:00,30.0,29.94,61,60.95
09/02/2022 05:01,30.0,29.94,61,60.95
09/02/2022 05:02,30.0,29.94,61,60.95
09/02/2022 05:03,30.0,29.94,61,60.95
09/02/2022 05:04,30.0,29.88,61,60.7
09/02/2022 05:05,30.0,29.88,61,60.7
09/02/2022 05:07,29.0,29.88,60,60.7
09/02/2022 05:08,30.0,29.88,61,60.7
09/02/2022 05:09,30.0,29.88,61,60.7
09/02/2022 05:10,30.0,29.88,61,60.7
09/02/2022 05:11,29.0,29.88,61,60.7
09/02/2022 05:12,30.0,29.88,60,60.7
09/02/2022 05:13,30.0,29.88,61,60.7
09/02/2022 05:14,30.0,29.88,61,60.7
09/02/2022 05:15,30.0,29.88,61,60.7
09/02/2022 05:16,30.0,29.88,61,60.7
09/02/2022 05:17,29.0,29.88,61,60.7
09/02/2022 05:18,30.0,29.88,61,60.7
09/02/2022 05:19,30.0,29.88,61,60.7
09/02/2022 05:20,30.0,29.88,61,60.7
09/02/2022 05:21,30.0,29.88,61,60.7
09/02/2022 05:22,30.0,29.88,60,60.7
09/02/2022 05:23,30.0,29.88,61,60.7
09/02/2022 05:24,30.0,29.88,61,60.7
09/02/2022 05:25,30.0,29.88,61,60.7
09/02/2022 05:26,30.0,29.88,61,60.7
09/02/2022 05:27,30.0,29.88,61,60.7
09/02/2022 05:28,30.0,29.88,61,60.7
09/02/2022 05:29,30.0,29.88,61,60.7
09/02/2022 05:30,30.0,29.88,61,60.7
09/02/2022 05:31,30.0,29.88,61,60.7
09/02/2022 05:32,30.0,29.88,61,60.7
09/02/2022 05:33,30.0,29.88,61,60.7
09/02/2022 05:34,30.0,29.83,61,60.47
09/02/2022 05:36,30.0,29.83,60,60.47
09/02/2022 05:37,30.0,29.83,61,60.47
09/02/2022 05:38,30.0,29.83,61,60.47
09/02/2022 05:39,30.0,29.83,61,60.47
09/02/2022 05:40,30.0,29.83,61,60.47
09/02/2022 05:41,30.0,29.83,61,60.47
09/02/2022 05:42,30.0,29.83,61,60.47
09/02/2022 05:43,30.0,29.83,61,60.47
09/02/2022 05:44,30.0,29.83,61,60.47
09/02/2022 05:45,30.0,29.83,61,60.47
09/02/2022 05:46,30.0,29.83,61,60.47
09/02/2022 05:47,30.0,29.83,61,60.47
09/02/2022 05:48,30.0,29.83,61,60.47
09/02/2022 05:49,30.0,29.83,61,60.47
09/02/2022 05:50,30.0,29.83,61,60.47
09/02/2022 05:51,30.0,29.83,61,60.47
09/02/2022 05:52,29.0,29.83,61,60.47
09/02/2022 05:53,30.0,29.83,61,60.47
09/02/2022 05:54,30.0,29.83,61,60.47
09/02/2022 05:55,30.0,29.83,61,60.47
09/02/2022 05:56,30.0,29.83,61,60.47
09/02/2022 05:57,30.0,29.83,61,60.47
09/02/2022 05:58,30.0,29.83,61,60.47
09/02/2022 05:59,30.0,29.83,61,60.47
09/02/2022 06:00,30.0,29.83,61,60.47
09/02/2022 06:01,30.0,29.83,61,60.47
09/02/2022 06:02,31.0,29.83,62,60.47
09/02/2022 06:03,30.0,29.83,61,60.47
09/02/2022 06:05,30.0,29.8,61,60.27
09/02/2022 06:06,30.0,29.8,61,60.27
09/02/2022 06:07,30.0,29.8,61,60.27
09/02/2022 06:08,30.0,29.8,61,60.27
09/02/2022 06:09,30.0,29.8,61,60.27
09/02/2022 06:10,30.0,29.8,61,60.27
09/02/2022 06:11,30.0,29.8,61,60.27
09/02/2022 06:12,30.0,29.8,61,60.27
09/02/2022 06:13,30.0,29.8,61,60.27
09/02/2022 06:14,30.0,29.8,61,60.27
09/02/2022 06:15,30.0,29.8,61,60.27
09/02/2022 06:16,30.0,29.8,61,60.27
09/02/2022 06:17,30.0,29.8,61,60.27
09/02/2022 06:18,30.0,29.8,61,60.27
09/02/2022 06:19,30.0,29.8,61,60.27
09/02/2022 06:20,30.0,29.8,61,60.27
09/02/2022 06:21,30.0,29.8,61,60.27
09/02/2022 06:22,30.0,29.8,61,60.27
09/02/2022 06:23,30.0,29.8,61,60.27
09/02/2022 06:24,30.0,29.8,60,60.27
09/02/2022 06:25,30.0,29.8,60,60.27
09/02/2022 06:26,30.0,29.8,60,60.27
09/02/2022 06:27,30.0,29.8,60,60.27
09/02/2022 06:28,30.0,29.8,60,60.27
09/02/2022 06:29,30.0,29.8,60,60.27
09/02/2022 06:30,30.0,29.8,60,60.27
09/02/2022 06:31,30.0,29.8,60,60.27
09/02/2022 06:32,30.0,29.8,60,60.27
09/02/2022 06:34,30.0,29.8,60,60.27
09/02/2022 06:35,30.0,29.77,59,60.09
09/02/2022 06:36,30.0,29.77,60,60.09
09/02/2022 06:37,30.0,29.77,60,60.09
09/02/2022 06:38,30.0,29.77,60,60.09
09/02/2022 06:39,30.0,29.77,60,60.09
09/02/2022 06:40,30.0,29.77,60,60.09
09/02/2022 06:41,30.0,29.77,60,60.09
09/02/2022 06:42,30.0,29.77,60,60.09
09/02/2022 06:43,30.0,29.77,60,60.09
09/02/2022 06:44,30.0,29.77,60,60.09
09/02/2022 06:45,30.0,29.77,60,60.09
09/02/2022 06:46,30.0,29.77,60,60.09
09/02/2022 06:47,30.0,29.77,60,60.09
09/02/2022 06:48,30.0,29.77,60,60.09
09/02/2022 06:49,30.0,29.77,60,60.09
09/02/2022 06:50,30.0,29.77,60,60.09
09/02/2022 06:51,30.0,29.77,60,60.09
09/02/2022 06:52,30.0,29.77,60,60.09
09/02/2022 06:53,30.0,29.77,60,60.09
09/02/2022 06:54,31.0,29.77,61,60.09
09/02/2022 06:55,30.0,29.77,60,60.09
09/02/2022 06:56,30.0,29.77,61,60.09
09/02/2022 06:57,30.0,29.77,61,60.09
09/02/2022 06:58,30.0,29.77,61,60.09
09/02/2022 06:59,30.0,29.77,61,60.09
09/02/2022 07:00,30.0,29.77,61,60.09
09/02/2022 07:01,30.0,29.77,61,60.09
09/02/2022 07:03,30.0,29.77,61,60.09
09/02/2022 07:04,30.0,29.77,61,60.09
09/02/2022 07:05,31.0,29.76,62,59.93
09/02/2022 07:06,30.0,29.76,61,59.93
09/02/2022 07:07,30.0,29.76,61,59.93
09/02/2022 07:08,30.0,29.76,61,59.93
09/02/2022 07:09,30.0,29.76,61,59.93
09/02/2022 07:10,30.0,29.76,61,59.93
09/02/2022 07:11,30.0,29.76,61,59.93
09/02/2022 07:12,30.0,29.76,61,59.93
09/02/2022 07:13,30.0,29.76,61,59.93
09/02/2022 07:14,30.0,29.76,61,59.93
09/02/2022 07:15,30.0,29.76,61,59.93
09/02/2022 07:16,30.0,29.76,61,59.93
09/02/2022 07:17,30.0,29.76,61,59.93
09/02/2022 07:18,30.0,29.76,60,59.93
09/02/2022 07:19,30.0,29.76,60,59.93
09/02/2022 07:20,30.0,29.76,60,59.93
09/02/2022 07:21,30.0,29.76,60,59.93
09/02/2022 07:22,30.0,29.76,60,59.93
09/02/2022 07:23,30.0,29.76,59,59.93
09/02/2022 07:24,30.0,29.76,60,59.93
09/02/2022 07:25,30.0,29.76,60,59.93
09/02/2022 07:26,30.0,29.76,60,59.93
09/02/2022 07:27,30.0,29.76,60,59.93
09/02/2022 07:28,30.0,29.76,60,59.93
09/02/2022 07:29,30.0,29.76,59,59.93
09/02/2022 07:30,31.0,29.76,60,59.93
09/02/2022 07:32,30.0,29.76,59,59.93
09/02/2022 07:33,30.0,29.76,59,59.93
09/02/2022 07:34,30.0,29.76,59,59.93
09/02/2022 07:35,31.0,29.77,60,59.79
09/02/2022 07:36,30.0,29.77,59,59.79
09/02/2022 07:37,30.0,29.77,59,59.79
09/02/2022 07:38,30.0,29.77,59,59.79
09/02/2022 07:39,30.0,29.77,59,59.79
09/02/2022 07:40,30.0,29.77,59,59.79
09/02/2022 07:41,30.0,29.77,59,59.79
09/02/2022 07:42,30.0,29.77,58,59.79
09/02/2022 07:43,30.0,29.77,59,59.79
09/02/2022 07:44,31.0,29.77,60,59.79
09/02/2022 07:45,30.0,29.77,59,59.79
09/02/2022 07:46,30.0,29.77,58,59.79
09/02/2022 07:47,30.0,29.77,58,59.79
09/02/2022 07:48,31.0,29.77,59,59.79
09/02/2022 07:49,30.0,29.77,58,59.79
09/02/2022 07:50,30.0,29.77,58,59.79
09/02/2022 07:51,31.0,29.77,59,59.79
09/02/2022 07:52,30.0,29.77,58,59.79
09/02/2022 07:53,30.0,29.77,58,59.79
09/02/2022 07:54,30.0,29.77,58,59.79
09/02/2022 07:55,31.0,29.77,59,59.79
09/02/2022 07:56,31.0,29.77,59,59.79
09/02/2022 07:57,31.0,29.77,59,59.79
09/02/2022 07:58,31.0,29.77,59,59.79
09/02/2022 07:59,30.0,29.77,58,59.79
09/02/2022 08:01,31.0,29.77,59,59.79
09/02/2022 08:02,30.0,29.77,58,59.79
09/02/2022 08:03,30.0,29.77,58,59.79
09/02/2022 08:04,30.0,29.77,59,59.79
09/02/2022 08:05,30.0,29.79,59,59.65
09/02/2022 08:06,30.0,29.79,58,59.65
09/02/2022 08:07,31.0,29.79,60,59.65
09/02/2022 08:08,30.0,29.79,58,59.65
09/02/2022 08:09,31.0,29.79,60,59.65
09/02/2022 08:10,31.0,29.79,59,59.65
09/02/2022 08:11,31.0,29.79,60,59.65
09/02/2022 08:12,31.0,29.79,59,59.65
09/02/2022 08:13,31.0,29.79,59,59.65
09/02/2022 08:14,31.0,29.79,59,59.65
09/02/2022 08:15,31.0,29.79,59,59.65
09/02/2022 08:16,30.0,29.79,58,59.65
09/02/2022 08:17,31.0,29.79,60,59.65
09/02/2022 08:18,30.0,29.79,58,59.65
09/02/2022 08:19,31.0,29.79,59,59.65
09/02/2022 08:20,31.0,29.79,59,59.65
09/02/2022 08:21,30.0,29.79,58,59.65
09/02/2022 08:22,31.0,29.79,59,59.65
09/02/2022 08:23,31.0,29.79,59,59.65
09/02/2022 08:24,31.0,29.79,59,59.65
09/02/2022 08:25,31.0,29.79,58,59.65
09/02/2022 08:26,31.0,29.79,58,59.65
09/02/2022 08:27,31.0,29.79,58,59.65
09/02/2022 08:28,31.0,29.79,58,59.65
09/02/2022 08:30,31.0,29.79,58,59.65
09/02/2022 08:31,31.0,29.79,58,59.65
09/02/2022 08:32,31.0,29.79,58,59.65
09/02/2022 08:33,31.0,29.79,58,59.65
09/02/2022 08:34,31.0,29.79,58,59.65
09/02/2022 08:35,31.0,29.86,57,59.52
09/02/2022 08:36,31.0,29.86,58,59.52
09/02/2022 08:37,31.0,29.86,57,59.52
09/02/2022 08:38,31.0,29.86,57,59.52
09/02/2022 08:39,31.0,29.86,58,59.52
09/02/2022 08:40,31.0,29.86,58,59.52
09/02/2022 08:41,31.0,29.86,57,59.52
09/02/2022 08:42,31.0,29.86,58,59.52
09/02/2022 08:43,31.0,29.86,58,59.52
09/02/2022 08:44,31.0,29.86,57,59.52
09/02/2022 08:45,31.0,29.86,57,59.52
09/02/2022 08:46,31.0,29.86,57,59.52
09/02/2022 08:47,31.0,29.86,58,59.52
09/02/2022 08:48,31.0,29.86,53,59.52
09/02/2022 08:49,31.0,29.86,58,59.52
09/02/2022 08:50,31.0,29.86,58,59.52
09/02/2022 08:51,31.0,29.86,58,59.52
09/02/2022 08:52,31.0,29.86,58,59.52
09/02/2022 08:53,31.0,29.86,58,59.52
09/02/2022 08:54,31.0,29.86,58,59.52
09/02/2022 08:55,31.0,29.86,58,59.52
09/02/2022 08:56,31.0,29.86,58,59.52
09/02/2022 08:57,31.0,29.86,58,59.52
09/02/2022 08:59,31.0,29.86,58,59.52
09/02/2022 09:00,31.0,29.86,57,59.52
09/02/2022 09:01,31.0,29.86,57,59.52
09/02/2022 09:02,31.0,29.86,57,59.52
09/02/2022 09:03,31.0,29.86,57,59.52
09/02/2022 09:04,31.0,29.86,56,59.52
09/02/2022 09:05,31.0,29.97,57,59.39
09/02/2022 09:06,30.0,29.97,55,59.39
09/02/2022 09:07,31.0,29.97,56,59.39
09/02/2022 09:08,31.0,29.97,57,59.39
09/02/2022 09:09,31.0,29.97,57,59.39
09/02/2022 09:10,31.0,29.97,56,59.39
09/02/2022 09:11,31.0,29.97,57,59.39
09/02/2022 09:12,31.0,29.97,57,59.39
09/02/2022 09:13,31.0,29.97,56,59.39
09/02/2022 09:14,31.0,29.97,57,59.39
09/02/2022 09:15,30.0,29.97,55,59.39
09/02/2022 09:16,31.0,29.97,56,59.39
09/02/2022 09:17,31.0,29.97,57,59.39
09/02/2022 09:18,31.0,29.97,57,59.39
09/02/2022 09:19,31.0,29.97,56,59.39
09/02/2022 09:20,31.0,29.97,57,59.39
09/02/2022 09:21,31.0,29.97,57,59.39
09/02/2022 09:22,31.0,29.97,57,59.39
09/02/2022 09:23,31.0,29.97,57,59.39
09/02/2022 09:24,31.0,29.97,58,59.39
09/02/2022 09:25,31.0,29.97,58,59.39
09/02/2022 09:27,31.0,29.97,58,59.39
09/02/2022 09:28,31.0,29.97,58,59.39
09/02/2022 09:29,31.0,29.97,58,59.39
09/02/2022 09:30,31.0,29.97,58,59.39
09/02/2022 09:31,31.0,29.97,58,59.39
09/02/2022 09:32,31.0,29.97,58,59.39
09/02/2022 09:33,31.0,29.97,58,59.39
09/02/2022 09:34,31.0,29.97,58,59.39
09/02/2022 09:35,31.0,30.11,59,59.25
09/02/2022 09:36,31.0,30.11,59,59.25
09/02/2022 09:37,31.0,30.11,59,59.25
09/02/2022 09:38,31.0,30.11,59,59.25
09/02/2022 09:39,31.0,30.11,59,59.25
09/02/2022 09:40,31.0,30.11,60,59.25
09/02/2022 09:41,31.0,30.11,59,59.25
09/02/2022 09:42,31.0,30.11,60,59.25
09/02/2022 09:43,31.0,30.11,60,59.25
09/02/2022 09:44,31.0,30.11,60,59.25
09/02/2022 09:45,31.0,30.11,59,59.25
09/02/2022 09:46,31.0,30.11,60,59.25
09/02/2022 09:47,31.0,30.11,59,59.25
09/02/2022 09:48,31.0,30.11,60,59.25
09/02/2022 09:49,31.0,30.11,59,59.25
09/02/2022 09:50,31.0,30.11,59,59.25
09/02/2022 09:51,31.0,30.11,59,59.25
09/02/2022 09:52,31.0,30.11,60,59.25
09/02/2022 09:53,30.0,30.11,58,59.25
09/02/2022 09:54,31.0,30.11,59,59.25
09/02/2022 09:56,31.0,30.11,59,59.25
09/02/2022 09:57,31.0,30.11,59,59.25
09/02/2022 09:58,31.0,30.11,59,59.25
09/02/2022 09:59,31.0,30.11,59,59.25
09/02/2022 10:00,31.0,30.11,60,59.25
09/02/2022 10:01,31.0,30.11,60,59.25
09/02/2022 10:02,31.0,30.11,60,59.25
09/02/2022 10:03,31.0,30.11,60,59.25
09/02/2022 10:04,31.0,30.11,60,59.25
09/02/2022 10:05,31.0,30.27,60,59.12
09/02/2022 10:06,31.0,30.27,60,59.12
09/02/2022 10:07,31.0,30.27,60,59.12
09/02/2022 10:08,31.0,30.27,60,59.12
09/02/2022 10:09,31.0,30.27,59,59.12
09/02/2022 10:10,31.0,30.27,59,59.12
09/02/2022 10:11,31.0,30.27,59,59.12
09/02/2022 10:12,31.0,30.27,59,59.12
09/02/2022 10:13,31.0,30.27,59,59.12
09/02/2022 10:14,31.0,30.27,59,59.12
09/02/2022 10:15,31.0,30.27,59,59.12
09/02/2022 10:16,31.0,30.27,58,59.12
09/02/2022 10:17,31.0,30.27,58,59.12
09/02/2022 10:18,31.0,30.27,58,59.12
09/02/2022 10:19,30.0,30.27,57,59.12
09/02/2022 10:20,31.0,30.27,58,59.12
09/02/2022 10:21,31.0,30.27,58,59.12
09/02/2022 10:22,31.0,30.27,58,59.12
09/02/2022 10:23,31.0,30.27,58,59.12
09/02/2022 10:25,31.0,30.27,58,59.12
09/02/2022 10:26,31.0,30.27,58,59.12
09/02/2022 10:27,31.0,30.27,58,59.12
09/02/2022 10:28,31.0,30.27,58,59.12
09/02/2022 10:29,31.0,30.27,58,59.12
09/02/2022 10:30,31.0,30.27,58,59.12
09/02/2022 10:31,31.0,30.27,58,59.12
09/02/2022 10:32,31.0,30.27,58,59.12
09/02/2022 10:33,31.0,30.27,58,59.12
09/02/2022 10:34,31.0,30.27,58,59.12
09/02/2022 10:35,31.0,30.45,57,59.01
09/02/2022 10:36,31.0,30.45,58,59.01
09/02/2022 10:37,31.0,30.45,58,59.01
09/02/2022 10:38,31.0,30.45,59,59.01
09/02/2022 10:39,31.0,30.45,58,59.01
09/02/2022 10:40,31.0,30.45,58,59.01
09/02/2022 10:41,31.0,30.45,58,59.01
09/02/2022 10:42,31.0,30.45,58,59.01
09/02/2022 10:43,31.0,30.45,57,59.01
09/02/2022 10:44,31.0,30.45,57,59.01
09/02/2022 10:45,31.0,30.45,57,59.01
09/02/2022 10:46,31.0,30.45,57,59.01
09/02/2022 10:47,31.0,30.45,57,59.01
09/02/2022 10:48,31.0,30.45,57,59.01
09/02/2022 10:49,31.0,30.45,57,59.01
09/02/2022 10:50,31.0,30.45,57,59.01
09/02/2022 10:51,31.0,30.45,57,59.01
09/02/2022 10:52,31.0,30.45,57,59.01
09/02/2022 10:54,31.0,30.45,57,59.01
09/02/2022 10:55,31.0,30.45,57,59.01
09/02/2022 10:56,31.0,30.45,57,59.01
09/02/2022 10:57,31.0,30.45,57,59.01
09/02/2022 10:58,31.0,30.45,56,59.01
09/02/2022 10:59,31.0,30.45,52,59.01
09/02/2022 11:00,31.0,30.45,56,59.01
09/02/2022 11:01,31.0,30.45,56,59.01
09/02/2022 11:02,31.0,30.45,56,59.01
09/02/2022 11:03,31.0,30.45,55,59.01
09/02/2022 11:04,31.0,30.45,55,59.01
09/02/2022 11:05,31.0,30.63,55,58.88
09/02/2022 11:06,30.0,30.63,54,58.88
09/02/2022 11:07,31.0,30.63,56,58.88
09/02/2022 11:08,31.0,30.63,56,58.88
09/02/2022 11:09,31.0,30.63,56,58.88
09/02/2022 11:10,31.0,30.63,56,58.88
09/02/2022 11:11,31.0,30.63,56,58.88
09/02/2022 11:12,31.0,30.63,55,58.88
09/02/2022 11:13,31.0,30.63,55,58.88
09/02/2022 11:14,31.0,30.63,54,58.88
09/02/2022 11:15,31.0,30.63,55,58.88
09/02/2022 11:16,31.0,30.63,55,58.88
09/02/2022 11:17,31.0,30.63,56,58.88
09/02/2022 11:18,31.0,30.63,55,58.88
09/02/2022 11:19,31.0,30.63,55,58.88
09/02/2022 11:20,31.0,30.63,55,58.88
09/02/2022 11:22,31.0,30.63,55,58.88
09/02/2022 11:23,31.0,30.63,55,58.88
09/02/2022 11:24,31.0,30.63,55,58.88
09/02/2022 11:25,31.0,30.63,55,58.88
09/02/2022 11:26,31.0,30.63,56,58.88
09/02/2022 11:27,31.0,30.63,57,58.88
09/02/2022 11:28,31.0,30.63,57,58.88
09/02/2022 11:29,31.0,30.63,57,58.88
09/02/2022 11:30,31.0,30.63,57,58.88
09/02/2022 11:31,31.0,30.63,56,58.88
09/02/2022 11:32,31.0,30.63,56,58.88
09/02/2022 11:33,31.0,30.63,56,58.88
09/02/2022 11:34,31.0,30.63,56,58.88
09/02/2022 11:35,31.0,30.8,56,58.75
09/02/2022 11:36,31.0,30.8,56,58.75
09/02/2022 11:37,31.0,30.8,56,58.75
09/02/2022 11:38,31.0,30.8,56,58.75
09/02/2022 11:39,31.0,30.8,56,58.75
09/02/2022 11:40,31.0,30.8,56,58.75
09/02/2022 11:41,31.0,30.8,56,58.75
09/02/2022 11:42,31.0,30.8,56,58.75
09/02/2022 11:43,31.0,30.8,56,58.75
09/02/2022 11:44,31.0,30.8,56,58.75
09/02/2022 11:45,31.0,30.8,56,58.75
09/02/2022 11:46,31.0,30.8,56,58.75
09/02/2022 11:47,31.0,30.8,56,58.75
09/02/2022 11:48,31.0,30.8,55,58.75
09/02/2022 11:49,31.0,30.8,55,58.75
09/02/2022 11:51,31.0,30.8,56,58.75
09/02/2022 11:52,31.0,30.8,55,58.75
09/02/2022 11:53,31.0,30.8,55,58.75
09/02/2022 11:54,31.0,30.8,56,58.75
09/02/2022 11:55,31.0,30.8,56,58.75
09/02/2022 11:56,31.0,30.8,56,58.75
09/02/2022 11:57,31.0,30.8,56,58.75
09/02/2022 11:58,31.0,30.8,55,58.75
09/02/2022 11:59,31.0,30.8,55,58.75
09/02/2022 12:00,31.0,30.8,56,58.75
09/02/2022 12:01,31.0,30.8,56,58.75
09/02/2022 12:02,31.0,30.8,56,58.75
09/02/2022 12:03,31.0,30.8,57,58.75
09/02/2022 12:04,31.0,30.8,56,58.75
09/02/2022 12:05,31.0,30.97,56,58.6
09/02/2022 12:06,31.0,30.97,56,58.6
09/02/2022 12:07,32.0,30.97,56,58.6
09/02/2022 12:08,31.0,30.97,56,58.6
09/02/2022 12:09,31.0,30.97,56,58.6
09/02/2022 12:10,31.0,30.97,56,58.6
09/02/2022 12:11,31.0,30.97,56,58.6
09/02/2022 12:12,32.0,30.97,56,58.6
09/02/2022 12:13,31.0,30.97,56,58.6
09/02/2022 12:14,31.0,30.97,56,58.6
09/02/2022 12:15,31.0,30.97,56,58.6
09/02/2022 12:16,32.0,30.97,56,58.6
09/02/2022 12:17,31.0,30.97,56,58.6
09/02/2022 12:18,31.0,30.97,56,58.6
09/02/2022 12:20,31.0,30.97,56,58.6
09/02/2022 12:21,31.0,30.97,56,58.6
09/02/2022 12:22,31.0,30.97,56,58.6
09/02/2022 12:23,31.0,30.97,55,58.6
09/02/2022 12:24,31.0,30.97,55,58.6
09/02/2022 12:25,31.0,30.97,54,58.6
09/02/2022 12:26,31.0,30.97,54,58.6
09/02/2022 12:27,31.0,30.97,55,58.6
09/02/2022 12:28,31.0,30.97,55,58.6
09/02/2022 12:29,31.0,30.97,55,58.6
09/02/2022 12:30,31.0,30.97,55,58.6
09/02/2022 12:31,31.0,30.97,55,58.6
09/02/2022 12:32,31.0,30.97,55,58.6
09/02/2022 12:33,31.0,30.97,56,58.6
09/02/2022 12:34,31.0,30.97,56,58.6
09/02/2022 12:35,31.0,31.13,56,58.45
09/02/2022 12:36,31.0,31.13,56,58.45
09/02/2022 12:37,31.0,31.13,56,58.45
09/02/2022 12:38,32.0,31.13,56,58.45
09/02/2022 12:39,31.0,31.13,56,58.45
09/02/2022 12:40,31.0,31.13,56,58.45
09/02/2022 12:41,31.0,31.13,56,58.45
09/02/2022 12:42,31.0,31.13,57,58.45
09/02/2022 12:43,31.0,31.13,57,58.45
09/02/2022 12:44,31.0,31.13,56,58.45
09/02/2022 12:45,31.0,31.13,57,58.45
09/02/2022 12:46,32.0,31.13,56,58.45
09/02/2022 12:47,32.0,31.13,56,58.45
09/02/2022 12:49,32.0,31.13,57,58.45
09/02/2022 12:50,31.0,31.13,56,58.45
09/02/2022 12:51,31.0,31.13,57,58.45
09/02/2022 12:52,31.0,31.13,56,58.45
09/02/2022 12:53,31.0,31.13,57,58.45
09/02/2022 12:54,31.0,31.13,57,58.45
09/02/2022 12:55,31.0,31.13,57,58.45
09/02/2022 12:56,31.0,31.13,58,58.45
09/02/2022 12:57,32.0,31.13,57,58.45
09/02/2022 12:58,32.0,31.13,57,58.45
09/02/2022 12:59,31.0,31.13,57,58.45
09/02/2022 13:00,32.0,31.13,56,58.45
09/02/2022 13:01,32.0,31.13,58,58.45
09/02/2022 13:02,32.0,31.13,57,58.45
09/02/2022 13:03,32.0,31.13,57,58.45
09/02/2022 13:04,32.0,31.13,56,58.45
09/02/2022 13:05,32.0,31.28,56,58.3
09/02/2022 13:06,32.0,31.28,56,58.3
09/02/2022 13:07,32.0,31.28,57,58.3
09/02/2022 13:08,32.0,31.28,57,58.3
09/02/2022 13:09,32.0,31.28,57,58.3
09/02/2022 13:10,32.0,31.28,57,58.3
09/02/2022 13:11,32.0,31.28,57,58.3
09/02/2022 13:12,32.0,31.28,56,58.3
09/02/2022 13:13,32.0,31.28,56,58.3
09/02/2022 13:14,32.0,31.28,56,58.3
09/02/2022 13:15,32.0,31.28,57,58.3
09/02/2022 13:17,32.0,31.28,57,58.3
09/02/2022 13:18,32.0,31.28,56,58.3
09/02/2022 13:19,32.0,31.28,55,58.3
09/02/2022 13:20,32.0,31.28,56,58.3
09/02/2022 13:21,32.0,31.28,55,58.3
09/02/2022 13:22,32.0,31.28,55,58.3
09/02/2022 13:23,32.0,31.28,56,58.3
09/02/2022 13:24,32.0,31.28,56,58.3
09/02/2022 13:25,32.0,31.28,55,58.3
09/02/2022 13:26,32.0,31.28,54,58.3
09/02/2022 13:27,32.0,31.28,54,58.3
09/02/2022 13:28,32.0,31.28,55,58.3
09/02/2022 13:29,32.0,31.28,54,58.3
09/02/2022 13:30,32.0,31.28,54,58.3
09/02/2022 13:31,32.0,31.28,55,58.3
09/02/2022 13:32,32.0,31.28,54,58.3
09/02/2022 13:33,32.0,31.28,55,58.3
09/02/2022 13:34,32.0,31.28,55,58.3
09/02/2022 13:35,32.0,31.45,54,58.14
09/02/2022 13:36,32.0,31.45,55,58.14
09/02/2022 13:37,32.0,31.45,56,58.14
09/02/2022 13:38,32.0,31.45,56,58.14
09/02/2022 13:39,32.0,31.45,55,58.14
09/02/2022 13:40,32.0,31.45,55,58.14
09/02/2022 13:41,32.0,31.45,55,58.14
09/02/2022 13:42,32.0,31.45,55,58.14
09/02/2022 13:43,32.0,31.45,55,58.14
09/02/2022 13:44,32.0,31.45,55,58.14
09/02/2022 13:46,32.0,31.45,55,58.14
09/02/2022 13:47,32.0,31.45,55,58.14
09/02/2022 13:48,32.0,31.45,55,58.14
09/02/2022 13:49,32.0,31.45,55,58.14
09/02/2022 13:50,33.0,31.45,56,58.14
09/02/2022 13:51,32.0,31.45,55,58.14
09/02/2022 13:52,32.0,31.45,54,58.14
09/02/2022 13:53,32.0,31.45,54,58.14
09/02/2022 13:54,32.0,31.45,54,58.14
09/02/2022 13:55,32.0,31.45,54,58.14
09/02/2022 13:56,32.0,31.45,54,58.14
09/02/2022 13:57,33.0,31.45,55,58.14
09/02/2022 13:58,32.0,31.45,53,58.14
09/02/2022 13:59,32.0,31.45,54,58.14
09/02/2022 14:00,32.0,31.45,54,58.14
09/02/2022 14:01,32.0,31.45,54,58.14
09/02/2022 14:02,32.0,31.45,54,58.14
09/02/2022 14:03,32.0,31.45,54,58.14
09/02/2022 14:04,32.0,31.45,54,58.14
09/02/2022 14:05,32.0,31.62,54,57.97
09/02/2022 14:06,32.0,31.62,54,57.97
09/02/2022 14:07,32.0,31.62,54,57.97
09/02/2022 14:08,32.0,31.62,55,57.97
09/02/2022 14:09,32.0,31.62,55,57.97
09/02/2022 14:10,32.0,31.62,55,57.97
09/02/2022 14:11,32.0,31.62,54,57.97
09/02/2022 14:12,32.0,31.62,54,57.97
09/02/2022 14:14,32.0,31.62,54,57.97
09/02/2022 14:15,32.0,31.62,55,57.97
09/02/2022 14:16,32.0,31.62,55,57.97
09/02/2022 14:17,32.0,31.62,55,57.97
09/02/2022 14:18,32.0,31.62,54,57.97
09/02/2022 14:19,32.0,31.62,55,57.97
09/02/2022 14:20,32.0,31.62,55,57.97
09/02/2022 14:21,32.0,31.62,55,57.97
09/02/2022 14:22,32.0,31.62,55,57.97
09/02/2022 14:23,32.0,31.62,55,57.97
09/02/2022 14:24,32.0,31.62,55,57.97
09/02/2022 14:25,32.0,31.62,54,57.97
09/02/2022 14:26,32.0,31.62,55,57.97
09/02/2022 14:27,32.0,31.62,54,57.97
09/02/2022 14:28,32.0,31.62,55,57.97
09/02/2022 14:29,32.0,31.62,55,57.97
09/02/2022 14:30,32.0,31.62,55,57.97
09/02/2022 14:31,32.0,31.62,55,57.97
09/02/2022 14:32,32.0,31.62,55,57.97
09/02/2022 14:33,32.0,31.62,54,57.97
09/02/2022 14:34,32.0,31.62,54,57.97
09/02/2022 14:35,32.0,31.8,55,57.79
09/02/2022 14:36,32.0,31.8,55,57.79
09/02/2022 14:37,32.0,31.8,55,57.79
09/02/2022 14:38,32.0,31.8,55,57.79
09/02/2022 14:39,32.0,31.8,54,57.79
09/02/2022 14:40,32.0,31.8,54,57.79
09/02/2022 14:41,32.0,31.8,54,57.79
09/02/2022 14:43,32.0,31.8,54,57.79
09/02/2022 14:44,32.0,31.8,54,57.79
09/02/2022 14:45,32.0,31.8,54,57.79
09/02/2022 14:46,32.0,31.8,54,57.79
09/02/2022 14:47,32.0,31.8,53,57.79
09/02/2022 14:48,32.0,31.8,54,57.79
09/02/2022 14:49,31.0,31.8,54,57.79
09/02/2022 14:50,31.0,31.8,54,57.79
09/02/2022 14:51,32.0,31.8,55,57.79
09/02/2022 14:52,32.0,31.8,55,57.79
09/02/2022 14:53,31.0,31.8,55,57.79
09/02/2022 14:54,31.0,31.8,55,57.79
09/02/2022 14:55,32.0,31.8,55,57.79
09/02/2022 14:56,32.0,31.8,56,57.79
09/02/2022 14:57,31.0,31.8,56,57.79
09/02/2022 14:58,31.0,31.8,56,57.79
09/02/2022 14:59,32.0,31.8,56,57.79
09/02/2022 15:00,32.0,31.8,56,57.79
09/02/2022 15:01,32.0,31.8,55,57.79
09/02/2022 15:02,32.0,31.8,55,57.79
09/02/2022 15:03,31.0,31.8,56,57.79
09/02/2022 15:04,31.0,31.8,56,57.79
09/02/2022 15:05,31.0,31.95,56,57.61
09/02/2022 15:06,31.0,31.95,56,57.61
09/02/2022 15:07,31.0,31.95,56,57.61
09/02/2022 15:08,31.0,31.95,57,57.61
09/02/2022 15:09,31.0,31.95,57,57.61
09/02/2022 15:11,31.0,31.95,56,57.61
09/02/2022 15:12,31.0,31.95,57,57.61
09/02/2022 15:13,31.0,31.95,57,57.61
09/02/2022 15:14,31.0,31.95,57,57.61
09/02/2022 15:15,31.0,31.95,57,57.61
09/02/2022 15:16,31.0,31.95,57,57.61
09/02/2022 15:17,31.0,31.95,57,57.61
09/02/2022 15:18,31.0,31.95,57,57.61
09/02/2022 15:19,31.0,31.95,57,57.61
09/02/2022 15:20,31.0,31.95,57,57.61
09/02/2022 15:21,31.0,31.95,57,57.61
09/02/2022 15:22,31.0,31.95,56,57.61
09/02/2022 15:23,31.0,31.95,57,57.61
09/02/2022 15:24,31.0,31.95,56,57.61
09/02/2022 15:25,31.0,31.95,57,57.61
09/02/2022 15:26,31.0,31.95,57,57.61
09/02/2022 15:27,32.0,31.95,57,57.61
09/02/2022 15:28,31.0,31.95,57,57.61
09/02/2022 15:29,31.0,31.95,57,57.61
09/02/2022 15:30,31.0,31.95,57,57.61
09/02/2022 15:31,31.0,31.95,58,57.61
09/02/2022 15:32,31.0,31.95,57,57.61
09/02/2022 15:33,31.0,31.95,57,57.61
09/02/2022 15:34,31.0,31.95,57,57.61
09/02/2022 15:35,31.0,32.05,57,57.44
09/02/2022 15:36,31.0,32.05,57,57.44
09/02/2022 15:37,31.0,32.05,57,57.44
09/02/2022 15:38,31.0,32.05,57,57.44
09/02/2022 15:40,31.0,32.05,57,57.44
09/02/2022 15:41,31.0,32.05,57,57.44
09/02/2022 15:42,31.0,32.05,57,57.44
09/02/2022 15:43,31.0,32.05,57,57.44
09/02/2022 15:44,31.0,32.05,57,57.44
09/02/2022 15:45,31.0,32.05,57,57.44
09/02/2022 15:46,31.0,32.05,57,57.44
09/02/2022 15:47,31.0,32.05,57,57.44
09/02/2022 15:48,31.0,32.05,57,57.44
09/02/2022 15:49,31.0,32.05,57,57.44
09/02/2022 15:50,31.0,32.05,57,57.44
09/02/2022 15:51,31.0,32.05,57,57.44
09/02/2022 15:52,31.0,32.05,57,57.44
09/02/2022 15:53,31.0,32.05,57,57.44
09/02/2022 15:54,31.0,32.05,57,57.44
09/02/2022 15:55,31.0,32.05,57,57.44
09/02/2022 15:56,31.0,32.05,56,57.44
09/02/2022 15:57,31.0,32.05,56,57.44
09/02/2022 15:58,31.0,32.05,56,57.44
09/02/2022 15:59,31.0,32.05,56,57.44
09/02/2022 16:00,31.0,32.05,55,57.44
09/02/2022 16:01,31.0,32.05,55,57.44
09/02/2022 16:02,31.0,32.05,55,57.44
09/02/2022 16:03,32.0,32.05,55,57.44
09/02/2022 16:04,31.0,32.05,55,57.44
09/02/2022 16:05,31.0,32.1,55,57.27
09/02/2022 16:06,31.0,32.1,55,57.27
09/02/2022 16:07,31.0,32.1,55,57.27
09/02/2022 16:09,31.0,32.1,55,57.27
09/02/2022 16:10,31.0,32.1,55,57.27
09/02/2022 16:11,31.0,32.1,55,57.27
09/02/2022 16:12,31.0,32.1,55,57.27
09/02/2022 16:13,31.0,32.1,55,57.27
09/02/2022 16:14,31.0,32.1,55,57.27
09/02/2022 16:15,31.0,32.1,55,57.27
09/02/2022 16:16,31.0,32.1,55,57.27
09/02/2022 16:17,31.0,32.1,55,57.27
09/02/2022 16:18,31.0,32.1,55,57.27
09/02/2022 16:19,31.0,32.1,55,57.27
09/02/2022 16:20,31.0,32.1,55,57.27
09/02/2022 16:21,31.0,32.1,55,57.27
09/02/2022 16:22,31.0,32.1,56,57.27
09/02/2022 16:23,31.0,32.1,56,57.27
09/02/2022 16:24,31.0,32.1,56,57.27
09/02/2022 16:25,31.0,32.1,56,57.27
09/02/2022 16:26,31.0,32.1,57,57.27
09/02/2022 16:27,31.0,32.1,57,57.27
09/02/2022 16:28,32.0,32.1,57,57.27
09/02/2022 16:29,31.0,32.1,57,57.27
09/02/2022 16:30,31.0,32.1,57,57.27
09/02/2022 16:31,31.0,32.1,57,57.27
09/02/2022 16:32,31.0,32.1,57,57.27
09/02/2022 16:33,31.0,32.1,57,57.27
09/02/2022 16:34,31.0,32.1,58,57.27
09/02/2022 16:35,31.0,32.09,58,57.12
09/02/2022 16:37,31.0,32.09,58,57.12
09/02/2022 16:38,31.0,32.09,58,57.12
09/02/2022 16:39,31.0,32.09,58,57.12
09/02/2022 16:40,31.0,32.09,58,57.12
09/02/2022 16:41,31.0,32.09,58,57.12
09/02/2022 16:42,31.0,32.09,58,57.12
09/02/2022 16:43,31.0,32.09,58,57.12
09/02/2022 16:44,31.0,32.09,58,57.12
09/02/2022 16:45,31.0,32.09,58,57.12
09/02/2022 16:46,31.0,32.09,58,57.12
09/02/2022 16:47,31.0,32.09,58,57.12
09/02/2022 16:48,31.0,32.09,58,57.12
09/02/2022 16:49,31.0,32.09,58,57.12
09/02/2022 16:50,31.0,32.09,59,57.12
09/02/2022 16:51,31.0,32.09,58,57.12
09/02/2022 16:52,31.0,32.09,58,57.12
09/02/2022 16:53,31.0,32.09,58,57.12
09/02/2022 16:54,31.0,32.09,58,57.12
09/02/2022 16:55,31.0,32.09,58,57.12
09/02/2022 16:56,31.0,32.09,58,57.12
